,Fitness,Iteration,State,Temperature,Time,max_iters,schedule_current_value,schedule_decay,schedule_init_temp,schedule_min_temp,schedule_type
0,9.0,0,"[1, 1, 0, 0, 1, 1, 1, 1, 1, 0, 0, 1, 0, 1, 1, 0, 0, 1, 0, 0]",2,0.00010250099876429886,2048,1.9999979396621355,0.99,2,0.001,geometric
1,11.0,2,"[1, 1, 0, 0, 1, 0, 1, 1, 1, 0, 0, 1, 0, 1, 1, 0, 0, 1, 1, 0]",2,0.0006504970006062649,2048,1.999986924616086,0.99,2,0.001,geometric
2,11.0,4,"[1, 1, 0, 0, 1, 0, 1, 1, 1, 0, 1, 1, 0, 1, 0, 0, 0, 1, 1, 0]",2,0.004802229999768315,2048,1.9999034742806918,0.99,2,0.001,geometric
3,14.0,8,"[0, 1, 0, 0, 1, 0, 1, 0, 1, 0, 1, 1, 0, 1, 0, 0, 0, 1, 1, 0]",2,0.008233336000557756,2048,1.9998345112630076,0.99,2,0.001,geometric
4,10.0,16,"[0, 1, 0, 0, 0, 0, 1, 0, 1, 0, 0, 1, 0, 0, 0, 0, 0, 1, 1, 0]",2,0.01222418800170999,2048,1.9997543007033651,0.99,2,0.001,geometric
5,9.0,32,"[1, 1, 0, 0, 1, 1, 0, 0, 1, 0, 0, 1, 0, 0, 0, 0, 1, 1, 1, 0]",2,0.017679994998616166,2048,1.9996446517965776,0.99,2,0.001,geometric
6,12.0,64,"[0, 1, 0, 1, 0, 1, 1, 1, 1, 0, 0, 1, 0, 1, 0, 1, 0, 0, 0, 0]",2,0.02547538699946017,2048,1.9994879931582539,0.99,2,0.001,geometric
7,17.0,128,"[1, 0, 1, 0, 1, 0, 1, 0, 0, 1, 0, 1, 0, 1, 0, 1, 0, 1, 0, 0]",2,0.036872715998470085,2048,1.9992589709556994,0.99,2,0.001,geometric
8,18.0,256,"[1, 0, 1, 0, 1, 0, 1, 0, 1, 1, 0, 1, 0, 1, 0, 1, 0, 1, 0, 1]",2,0.05481073400005698,2048,1.998898570827796,0.99,2,0.001,geometric
9,18.0,512,"[1, 0, 1, 0, 1, 0, 1, 0, 1, 0, 1, 1, 0, 1, 0, 1, 0, 1, 0, 1]",2,0.09023538499968708,2048,1.998187030361413,0.99,2,0.001,geometric
10,18.0,1024,"[1, 0, 1, 0, 1, 0, 1, 0, 1, 0, 1, 0, 1, 0, 0, 1, 0, 1, 0, 1]",2,0.1660649299992656,2048,1.9966647673997333,0.99,2,0.001,geometric
11,19.0,2048,"[1, 0, 1, 0, 1, 0, 1, 0, 1, 0, 1, 0, 1, 0, 1, 0, 1, 0, 1, 0]",2,0.19333342599929892,2048,1.9961176413347816,0.99,2,0.001,geometric
12,9.0,0,"[1, 1, 0, 0, 1, 1, 1, 1, 1, 0, 0, 1, 0, 1, 1, 0, 0, 1, 0, 0]",4,8.70910007506609e-05,2048,3.999996498826303,0.99,4,0.001,geometric
13,11.0,2,"[1, 1, 0, 0, 1, 0, 1, 1, 1, 0, 0, 1, 0, 1, 1, 0, 0, 1, 1, 0]",4,0.0006015559993102215,2048,3.999975816713793,0.99,4,0.001,geometric
14,11.0,4,"[1, 1, 0, 0, 1, 0, 1, 1, 1, 0, 1, 1, 0, 1, 0, 0, 0, 1, 1, 0]",4,0.012317949000134831,2048,3.9995048325534692,0.99,4,0.001,geometric
15,12.0,8,"[0, 1, 0, 0, 1, 0, 1, 0, 1, 1, 1, 1, 0, 1, 0, 0, 0, 1, 1, 0]",4,0.02458842800115235,2048,3.9990116342903805,0.99,4,0.001,geometric
16,12.0,16,"[0, 1, 0, 1, 0, 0, 1, 0, 0, 1, 0, 1, 0, 0, 0, 0, 0, 1, 1, 0]",4,0.0376408439988154,2048,3.998487073694428,0.99,4,0.001,geometric
17,7.0,32,"[1, 1, 0, 0, 1, 1, 0, 0, 0, 1, 1, 1, 0, 0, 0, 0, 1, 1, 1, 0]",4,0.051492418999259826,2048,3.9979304711340404,0.99,4,0.001,geometric
18,11.0,64,"[0, 1, 0, 1, 1, 1, 1, 0, 1, 1, 0, 1, 0, 0, 0, 1, 0, 0, 0, 1]",4,0.06781743100145832,2048,3.9972745770800873,0.99,4,0.001,geometric
19,13.0,128,"[1, 0, 0, 0, 1, 0, 1, 1, 1, 0, 0, 1, 0, 1, 0, 1, 0, 1, 1, 0]",4,0.08864391899987822,2048,3.9964379823091636,0.99,4,0.001,geometric
20,16.0,256,"[1, 0, 1, 0, 1, 0, 1, 0, 1, 0, 0, 1, 0, 1, 0, 0, 1, 0, 0, 1]",4,0.11716064799838932,2048,3.995292756497798,0.99,4,0.001,geometric
21,17.0,512,"[1, 0, 1, 0, 1, 0, 1, 0, 1, 0, 1, 1, 0, 1, 0, 1, 0, 0, 1, 0]",4,0.16246057199896313,2048,3.993474195815723,0.99,4,0.001,geometric
22,19.0,1024,"[1, 0, 1, 0, 1, 0, 1, 0, 1, 0, 1, 0, 1, 0, 1, 0, 1, 0, 1, 0]",4,0.21568304999891552,2048,3.9913386425862862,0.99,4,0.001,geometric
23,19.0,2048,"[1, 0, 1, 0, 1, 0, 1, 0, 1, 0, 1, 0, 1, 0, 1, 0, 1, 0, 1, 0]",4,0.21568304999891552,2048,3.9913386425862862,0.99,4,0.001,geometric
24,9.0,0,"[1, 1, 0, 0, 1, 1, 1, 1, 1, 0, 0, 1, 0, 1, 1, 0, 0, 1, 0, 0]",8,9.043999671121128e-05,2048,7.999992728384573,0.99,8,0.001,geometric
25,11.0,2,"[1, 1, 0, 0, 1, 0, 1, 1, 1, 0, 0, 1, 0, 1, 1, 0, 0, 1, 1, 0]",8,0.0006044059991836548,2048,7.999951404281328,0.99,8,0.001,geometric
26,11.0,4,"[1, 1, 0, 0, 1, 0, 1, 1, 1, 0, 1, 1, 0, 1, 0, 0, 0, 1, 1, 0]",8,0.018797635999362683,2048,7.9984887623175736,0.99,8,0.001,geometric
27,10.0,8,"[0, 1, 0, 0, 1, 0, 1, 0, 1, 1, 1, 1, 0, 0, 0, 0, 0, 1, 1, 0]",8,0.03688112599775195,2048,7.9970352078868245,0.99,8,0.001,geometric
28,11.0,16,"[0, 1, 0, 1, 0, 0, 1, 0, 0, 1, 1, 1, 0, 1, 0, 0, 0, 1, 1, 1]",8,0.05599039599837852,2048,7.995499488113091,0.99,8,0.001,geometric
29,8.0,32,"[1, 1, 0, 0, 1, 1, 0, 0, 0, 0, 1, 0, 0, 1, 0, 0, 1, 1, 1, 1]",8,0.07672883299892419,2048,7.993833173751012,0.99,8,0.001,geometric
30,10.0,64,"[0, 1, 0, 1, 1, 1, 0, 0, 1, 0, 0, 0, 1, 1, 1, 0, 0, 0, 1, 0]",8,0.09963463399981265,2048,7.991993117286528,0.99,8,0.001,geometric
31,8.0,128,"[0, 0, 0, 1, 0, 0, 1, 1, 0, 1, 0, 1, 1, 1, 1, 1, 1, 0, 0, 0]",8,0.12793960999988485,2048,7.989719922267953,0.99,8,0.001,geometric
32,17.0,256,"[0, 0, 1, 0, 1, 0, 1, 0, 1, 0, 1, 0, 1, 0, 1, 0, 1, 0, 1, 1]",8,0.16490196699669468,2048,7.986752419563519,0.99,8,0.001,geometric
33,17.0,512,"[1, 0, 1, 0, 1, 0, 1, 0, 1, 0, 1, 0, 1, 0, 0, 1, 0, 0, 1, 0]",8,0.21457949799878406,2048,7.982765822082008,0.99,8,0.001,geometric
34,19.0,1024,"[1, 0, 1, 0, 1, 0, 1, 0, 1, 0, 1, 0, 1, 0, 1, 0, 1, 0, 1, 0]",8,0.24292698499994003,2048,7.980491841955857,0.99,8,0.001,geometric
35,19.0,2048,"[1, 0, 1, 0, 1, 0, 1, 0, 1, 0, 1, 0, 1, 0, 1, 0, 1, 0, 1, 0]",8,0.24292698499994003,2048,7.980491841955857,0.99,8,0.001,geometric
36,9.0,0,"[1, 1, 0, 0, 1, 1, 1, 1, 1, 0, 0, 1, 0, 1, 1, 0, 0, 1, 0, 0]",16,8.928099850891158e-05,2048,15.999985643142116,0.99,16,0.001,geometric
37,11.0,2,"[1, 1, 0, 0, 1, 0, 1, 1, 1, 0, 0, 1, 0, 1, 1, 0, 0, 1, 1, 0]",16,0.0006106959990574978,2048,15.999901797103051,0.99,16,0.001,geometric
38,11.0,4,"[1, 1, 0, 0, 1, 0, 1, 1, 1, 0, 1, 1, 0, 1, 0, 0, 0, 1, 1, 0]",16,0.023344515000644606,2048,15.99624651688123,0.99,16,0.001,geometric
39,10.0,8,"[0, 1, 0, 0, 1, 0, 1, 0, 1, 1, 1, 1, 0, 0, 0, 0, 0, 1, 1, 0]",16,0.046036551997531205,2048,15.992598787393156,0.99,16,0.001,geometric
40,9.0,16,"[0, 0, 0, 1, 0, 0, 1, 0, 0, 1, 1, 1, 0, 1, 0, 0, 0, 1, 1, 1]",16,0.06989096200049971,2048,15.988765104053007,0.99,16,0.001,geometric
41,8.0,32,"[0, 0, 0, 1, 0, 0, 0, 1, 1, 1, 0, 0, 0, 1, 0, 1, 1, 1, 1, 0]",16,0.09482937400025548,2048,15.98475819146685,0.99,16,0.001,geometric
42,10.0,64,"[0, 0, 1, 1, 1, 0, 1, 1, 1, 0, 0, 0, 1, 0, 0, 1, 0, 1, 0, 0]",16,0.12209543899734854,2048,15.980378438583129,0.99,16,0.001,geometric
43,12.0,128,"[0, 1, 0, 0, 1, 0, 1, 1, 0, 1, 1, 1, 1, 1, 0, 0, 1, 0, 1, 0]",16,0.1542382359984913,2048,15.97521687652171,0.99,16,0.001,geometric
44,12.0,256,"[1, 1, 1, 0, 1, 0, 0, 0, 1, 0, 1, 1, 0, 1, 0, 1, 0, 0, 1, 1]",16,0.19634318699900177,2048,15.968458091744987,0.99,16,0.001,geometric
45,17.0,512,"[1, 0, 1, 0, 1, 1, 0, 1, 0, 1, 0, 1, 0, 1, 0, 1, 1, 0, 1, 0]",16,0.25512243299817783,2048,15.959027492390904,0.99,16,0.001,geometric
46,18.0,1024,"[1, 0, 1, 1, 0, 1, 0, 1, 0, 1, 0, 1, 0, 1, 0, 1, 0, 1, 0, 1]",16,0.35033426099835197,2048,15.943763430187996,0.99,16,0.001,geometric
47,18.0,2048,"[1, 0, 1, 0, 1, 0, 1, 0, 1, 0, 0, 1, 0, 1, 0, 1, 0, 1, 0, 1]",16,0.5629870989978372,2048,15.909724289470722,0.99,16,0.001,geometric
48,9.0,0,"[1, 1, 0, 0, 1, 1, 1, 1, 1, 0, 0, 1, 0, 1, 1, 0, 0, 1, 0, 0]",32,9.461099762120284e-05,2048,31.999969572100817,0.99,32,0.001,geometric
49,11.0,2,"[1, 1, 0, 0, 1, 0, 1, 1, 1, 0, 0, 1, 0, 1, 1, 0, 0, 1, 1, 0]",32,0.0006359159997373354,2048,31.999795483233648,0.99,32,0.001,geometric
50,11.0,4,"[1, 1, 0, 0, 1, 0, 1, 1, 1, 0, 1, 1, 0, 1, 0, 0, 0, 1, 1, 0]",32,0.039218170997628476,2048,31.987389500131272,0.99,32,0.001,geometric
51,10.0,8,"[0, 1, 0, 0, 1, 0, 1, 0, 1, 1, 1, 1, 0, 0, 0, 0, 0, 1, 1, 0]",32,0.07761451300029876,2048,31.97504807163679,0.99,32,0.001,geometric
52,9.0,16,"[0, 0, 0, 1, 0, 0, 1, 0, 0, 1, 1, 1, 0, 1, 0, 0, 0, 1, 1, 1]",32,0.11658164099935675,2048,31.96252804825753,0.99,32,0.001,geometric
53,8.0,32,"[0, 0, 0, 1, 0, 0, 0, 1, 1, 1, 0, 0, 0, 1, 0, 1, 1, 1, 1, 0]",32,0.15732636800021282,2048,31.949442130366908,0.99,32,0.001,geometric
54,11.0,64,"[1, 0, 1, 1, 1, 0, 1, 1, 1, 0, 0, 0, 1, 0, 0, 1, 0, 1, 0, 0]",32,0.20012951699754922,2048,31.935700882777674,0.99,32,0.001,geometric
55,14.0,128,"[0, 1, 0, 1, 0, 1, 1, 1, 0, 1, 0, 1, 0, 0, 1, 1, 1, 0, 1, 0]",32,0.2483300120002241,2048,31.92023398068235,0.99,32,0.001,geometric
56,13.0,256,"[1, 0, 0, 1, 1, 0, 1, 0, 1, 0, 1, 0, 1, 0, 1, 1, 0, 0, 0, 0]",32,0.30624464900029125,2048,31.901659845898777,0.99,32,0.001,geometric
57,18.0,512,"[0, 1, 0, 1, 0, 1, 0, 1, 0, 1, 0, 1, 0, 1, 0, 1, 0, 0, 1, 0]",32,0.3815728979971027,2048,31.877517062331304,0.99,32,0.001,geometric
58,19.0,1024,"[0, 1, 0, 1, 0, 1, 0, 1, 0, 1, 0, 1, 0, 1, 0, 1, 0, 1, 0, 1]",32,0.449693271999422,2048,31.855700142897586,0.99,32,0.001,geometric
59,19.0,2048,"[0, 1, 0, 1, 0, 1, 0, 1, 0, 1, 0, 1, 0, 1, 0, 1, 0, 1, 0, 1]",32,0.449693271999422,2048,31.855700142897586,0.99,32,0.001,geometric
60,9.0,0,"[1, 1, 0, 0, 1, 1, 1, 1, 1, 0, 0, 1, 0, 1, 1, 0, 0, 1, 0, 0]",64,9.661100193625316e-05,2048,63.999937857757104,0.99,64,0.001,geometric
61,11.0,2,"[1, 1, 0, 0, 1, 0, 1, 1, 1, 0, 0, 1, 0, 1, 1, 0, 0, 1, 1, 0]",64,0.0006401370010280516,2048,63.99958825144595,0.99,64,0.001,geometric
62,11.0,4,"[1, 1, 0, 0, 1, 0, 1, 1, 1, 0, 1, 1, 0, 1, 0, 0, 0, 1, 1, 0]",64,0.044831080002040835,2048,63.97117018109164,0.99,64,0.001,geometric
63,10.0,8,"[0, 1, 0, 0, 1, 0, 1, 0, 1, 1, 1, 1, 0, 0, 0, 0, 0, 1, 1, 0]",64,0.08909888299967861,2048,63.94271533559068,0.99,64,0.001,geometric
64,9.0,16,"[0, 0, 0, 1, 0, 0, 1, 0, 0, 1, 1, 1, 0, 1, 0, 0, 0, 1, 1, 1]",64,0.1337962020006671,2048,63.91399724374745,0.99,64,0.001,geometric
65,8.0,32,"[0, 0, 0, 1, 0, 0, 0, 1, 1, 1, 0, 0, 0, 1, 0, 1, 1, 1, 1, 0]",64,0.1799230050019105,2048,63.88437422957973,0.99,64,0.001,geometric
66,11.0,64,"[1, 1, 1, 1, 1, 0, 1, 0, 1, 1, 1, 0, 1, 1, 0, 1, 0, 1, 0, 0]",64,0.22902783999961684,2048,63.85285378648476,0.99,64,0.001,geometric
67,7.0,128,"[1, 0, 0, 0, 0, 1, 1, 0, 1, 1, 0, 1, 1, 1, 0, 0, 0, 0, 0, 0]",64,0.28284764400086715,2048,63.818324663513046,0.99,64,0.001,geometric
68,9.0,256,"[0, 0, 0, 0, 0, 0, 0, 1, 1, 0, 1, 1, 0, 1, 1, 0, 1, 0, 1, 1]",64,0.3466999929987651,2048,63.7773831862879,0.99,64,0.001,geometric
69,15.0,512,"[1, 0, 1, 0, 0, 1, 0, 1, 0, 1, 0, 1, 1, 1, 0, 1, 1, 0, 1, 0]",64,0.4311265670003195,2048,63.723290045650195,0.99,64,0.001,geometric
70,19.0,1024,"[0, 1, 0, 1, 0, 1, 0, 1, 0, 1, 0, 1, 0, 1, 0, 1, 0, 1, 0, 1]",64,0.5236956170010671,2048,63.664032649405215,0.99,64,0.001,geometric
71,19.0,2048,"[0, 1, 0, 1, 0, 1, 0, 1, 0, 1, 0, 1, 0, 1, 0, 1, 0, 1, 0, 1]",64,0.5236956170010671,2048,63.664032649405215,0.99,64,0.001,geometric
72,9.0,0,"[1, 1, 0, 0, 1, 1, 1, 1, 1, 0, 0, 1, 0, 1, 1, 0, 0, 1, 0, 0]",128,9.80910008365754e-05,2048,127.99987381158186,0.99,128,0.001,geometric
73,11.0,2,"[1, 1, 0, 0, 1, 0, 1, 1, 1, 0, 0, 1, 0, 1, 1, 0, 0, 1, 1, 0]",128,0.0006375070006470196,2048,127.99917988621573,0.99,128,0.001,geometric
74,11.0,4,"[1, 1, 0, 0, 1, 0, 1, 1, 1, 0, 1, 1, 0, 1, 0, 0, 0, 1, 1, 0]",128,0.0509157039996353,2048,127.93451660555483,0.99,128,0.001,geometric
75,10.0,8,"[0, 1, 0, 0, 1, 0, 1, 0, 1, 1, 1, 1, 0, 0, 0, 0, 0, 1, 1, 0]",128,0.1013619019977341,2048,127.86967008798887,0.99,128,0.001,geometric
76,9.0,16,"[0, 0, 0, 1, 0, 0, 1, 0, 0, 1, 1, 1, 0, 1, 0, 0, 0, 1, 1, 1]",128,0.15233762599746115,2048,127.80417627468898,0.99,128,0.001,geometric
77,8.0,32,"[0, 0, 0, 1, 0, 0, 0, 1, 1, 1, 0, 0, 0, 1, 0, 1, 1, 1, 1, 0]",128,0.205090488998394,2048,127.73643450591022,0.99,128,0.001,geometric
78,11.0,64,"[1, 1, 1, 1, 1, 0, 1, 0, 1, 1, 1, 0, 1, 1, 0, 1, 0, 1, 0, 0]",128,0.26060889099971973,2048,127.66518019182253,0.99,128,0.001,geometric
79,5.0,128,"[1, 0, 0, 0, 0, 1, 1, 0, 1, 1, 1, 1, 1, 1, 0, 0, 0, 0, 0, 0]",128,0.32108610499926726,2048,127.58760679038222,0.99,128,0.001,geometric
80,12.0,256,"[1, 1, 0, 1, 0, 1, 0, 0, 1, 0, 0, 1, 0, 1, 0, 0, 1, 1, 1, 1]",128,0.392237779997231,2048,127.49640173273644,0.99,128,0.001,geometric
81,13.0,512,"[1, 0, 1, 0, 0, 1, 1, 1, 1, 0, 1, 1, 0, 1, 0, 0, 1, 0, 1, 0]",128,0.48348371599786333,2048,127.37953445891291,0.99,128,0.001,geometric
82,18.0,1024,"[1, 0, 1, 0, 1, 0, 1, 0, 1, 0, 0, 1, 0, 1, 0, 1, 0, 1, 0, 1]",128,0.609935560998565,2048,127.21775273349864,0.99,128,0.001,geometric
83,18.0,2048,"[1, 0, 1, 0, 0, 1, 0, 1, 0, 1, 0, 1, 0, 1, 0, 1, 0, 1, 0, 1]",128,0.8431000939999649,2048,126.91998199028225,0.99,128,0.001,geometric
84,9.0,0,"[1, 1, 0, 0, 1, 1, 1, 1, 1, 0, 0, 1, 0, 1, 1, 0, 0, 1, 0, 0]",256,0.00010619200111250393,2048,255.9997267802351,0.99,256,0.001,geometric
85,11.0,2,"[1, 1, 0, 0, 1, 0, 1, 1, 1, 0, 0, 1, 0, 1, 1, 0, 0, 1, 1, 0]",256,0.0006650570030615199,2048,255.99828888988048,0.99,256,0.001,geometric
86,11.0,4,"[1, 1, 0, 0, 1, 0, 1, 1, 1, 0, 1, 1, 0, 1, 0, 0, 0, 1, 1, 0]",256,0.06581126000310178,2048,255.8307311174397,0.99,256,0.001,geometric
87,10.0,8,"[0, 1, 0, 0, 1, 0, 1, 0, 1, 1, 1, 1, 0, 0, 0, 0, 0, 1, 1, 0]",256,0.13188711200200487,2048,255.66089429240003,0.99,256,0.001,geometric
88,9.0,16,"[0, 0, 0, 1, 0, 0, 1, 0, 0, 1, 1, 1, 0, 1, 0, 0, 0, 1, 1, 1]",256,0.19842068000070867,2048,255.48999490826654,0.99,256,0.001,geometric
89,8.0,32,"[0, 0, 0, 1, 0, 0, 0, 1, 1, 1, 0, 0, 0, 1, 0, 1, 1, 1, 1, 0]",256,0.2658367360018019,2048,255.31694527090582,0.99,256,0.001,geometric
90,11.0,64,"[1, 1, 1, 1, 1, 0, 1, 0, 1, 1, 1, 0, 1, 1, 0, 1, 0, 1, 0, 0]",256,0.33593222000126843,2048,255.13714212509907,0.99,256,0.001,geometric
91,5.0,128,"[1, 0, 0, 0, 0, 1, 1, 0, 1, 1, 1, 1, 1, 1, 0, 0, 0, 0, 0, 0]",256,0.41180110500135925,2048,254.94267222234538,0.99,256,0.001,geometric
92,12.0,256,"[1, 1, 0, 1, 0, 1, 0, 1, 1, 0, 0, 1, 0, 1, 0, 0, 1, 1, 1, 1]",256,0.49826571100129513,2048,254.72122369913882,0.99,256,0.001,geometric
93,16.0,512,"[0, 1, 1, 0, 0, 1, 0, 1, 0, 1, 0, 1, 0, 1, 0, 0, 1, 0, 1, 0]",256,0.6061483420016884,2048,254.44519018488623,0.99,256,0.001,geometric
94,18.0,1024,"[1, 0, 1, 0, 1, 0, 1, 0, 1, 0, 1, 0, 1, 0, 1, 1, 0, 1, 0, 1]",256,0.7484712630030117,2048,254.08149370283158,0.99,256,0.001,geometric
95,19.0,2048,"[0, 1, 0, 1, 0, 1, 0, 1, 0, 1, 0, 1, 0, 1, 0, 1, 0, 1, 0, 1]",256,0.9492406970020966,2048,253.56932490459067,0.99,256,0.001,geometric
96,9.0,0,"[1, 1, 0, 0, 1, 1, 1, 1, 1, 0, 0, 1, 0, 1, 1, 0, 0, 1, 0, 0]",512,0.00010518100316403434,2048,511.9994587628296,0.99,512,0.001,geometric
97,11.0,2,"[1, 1, 0, 0, 1, 0, 1, 1, 1, 0, 0, 1, 0, 1, 1, 0, 0, 1, 1, 0]",512,0.0006579569999303203,2048,511.9966143145151,0.99,512,0.001,geometric
98,11.0,4,"[1, 1, 0, 0, 1, 0, 1, 1, 1, 0, 1, 1, 0, 1, 0, 0, 0, 1, 1, 0]",512,0.08016687000053935,2048,511.5876457085227,0.99,512,0.001,geometric
99,10.0,8,"[0, 1, 0, 0, 1, 0, 1, 0, 1, 1, 1, 1, 0, 0, 0, 0, 0, 1, 1, 0]",512,0.16023507900172262,2048,511.17613038855137,0.99,512,0.001,geometric
100,9.0,16,"[0, 0, 0, 1, 0, 0, 1, 0, 0, 1, 1, 1, 0, 1, 0, 0, 0, 1, 1, 1]",512,0.23978399300176534,2048,510.76761182160635,0.99,512,0.001,geometric
101,8.0,32,"[0, 0, 0, 1, 0, 0, 0, 1, 1, 1, 0, 0, 0, 1, 0, 1, 1, 1, 1, 0]",512,0.32065233000321314,2048,510.35265208213707,0.99,512,0.001,geometric
102,11.0,64,"[1, 1, 1, 1, 1, 0, 1, 0, 1, 1, 1, 0, 1, 1, 0, 1, 0, 1, 0, 0]",512,0.4057661120023113,2048,509.9162718186489,0.99,512,0.001,geometric
103,5.0,128,"[1, 0, 0, 0, 0, 1, 1, 0, 1, 1, 1, 1, 1, 1, 0, 0, 0, 0, 0, 0]",512,0.49536530100158416,2048,509.4572979102635,0.99,512,0.001,geometric
104,12.0,256,"[1, 1, 0, 1, 0, 1, 0, 1, 1, 0, 0, 1, 0, 1, 0, 0, 1, 1, 1, 1]",512,0.5952865280014521,2048,508.9459363587335,0.99,512,0.001,geometric
105,10.0,512,"[0, 0, 0, 1, 1, 0, 0, 1, 0, 0, 1, 0, 1, 0, 0, 0, 0, 0, 1, 0]",512,0.7171207540013711,2048,508.32312622492356,0.99,512,0.001,geometric
106,17.0,1024,"[0, 1, 1, 0, 1, 0, 1, 0, 1, 0, 1, 0, 1, 1, 0, 1, 0, 1, 0, 1]",512,0.877664736002771,2048,507.50359755843226,0.99,512,0.001,geometric
107,19.0,2048,"[1, 0, 1, 0, 1, 0, 1, 0, 1, 0, 1, 0, 1, 0, 1, 0, 1, 0, 1, 0]",512,0.9903543370019179,2048,506.92914042019106,0.99,512,0.001,geometric
108,9.0,0,"[1, 1, 0, 0, 1, 1, 1, 1, 1, 0, 0, 1, 0, 1, 1, 0, 0, 1, 0, 0]",1024,0.00010763099999167025,2048,1023.9988923114362,0.99,1024,0.001,geometric
109,11.0,2,"[1, 1, 0, 0, 1, 0, 1, 1, 1, 0, 0, 1, 0, 1, 1, 0, 0, 1, 1, 0]",1024,0.0006664469983661547,2048,1023.99314125442,0.99,1024,0.001,geometric
110,11.0,4,"[1, 1, 0, 0, 1, 0, 1, 1, 1, 0, 1, 1, 0, 1, 0, 0, 0, 1, 1, 0]",1024,0.08684385000015027,2048,1023.1066326307016,0.99,1024,0.001,geometric
111,10.0,8,"[0, 1, 0, 0, 1, 0, 1, 0, 1, 1, 1, 1, 0, 0, 0, 0, 0, 1, 1, 0]",1024,0.17443695800102432,2048,1022.2063471172025,0.99,1024,0.001,geometric
112,9.0,16,"[0, 0, 0, 1, 0, 0, 1, 0, 0, 1, 1, 1, 0, 1, 0, 0, 0, 1, 1, 1]",1024,0.26425521900091553,2048,1021.2840140362874,0.99,1024,0.001,geometric
113,8.0,32,"[0, 0, 0, 1, 0, 0, 0, 1, 1, 1, 0, 0, 0, 1, 0, 1, 1, 1, 1, 0]",1024,0.3556971270008944,2048,1020.3458628318463,0.99,1024,0.001,geometric
114,11.0,64,"[1, 1, 1, 1, 1, 0, 1, 0, 1, 1, 1, 0, 1, 1, 0, 1, 0, 1, 0, 0]",1024,0.44909631599875866,2048,1019.388520486201,0.99,1024,0.001,geometric
115,5.0,128,"[1, 0, 0, 0, 0, 1, 1, 0, 1, 1, 1, 1, 1, 1, 0, 0, 0, 0, 0, 0]",1024,0.5467174289988179,2048,1018.3888634269796,0.99,1024,0.001,geometric
116,9.0,256,"[1, 1, 0, 1, 0, 0, 0, 0, 0, 0, 0, 1, 0, 1, 0, 1, 1, 1, 1, 0]",1024,0.6559318729996448,2048,1017.2716504608078,0.99,1024,0.001,geometric
117,12.0,512,"[0, 1, 1, 1, 0, 1, 0, 1, 0, 1, 1, 1, 0, 0, 1, 1, 0, 1, 1, 0]",1024,0.7882483299981686,2048,1015.9197564496995,0.99,1024,0.001,geometric
118,19.0,1024,"[0, 1, 0, 1, 0, 1, 0, 1, 0, 1, 0, 1, 0, 1, 0, 1, 0, 1, 0, 1]",1024,0.9433590349981387,2048,1014.3372580384356,0.99,1024,0.001,geometric
119,19.0,2048,"[0, 1, 0, 1, 0, 1, 0, 1, 0, 1, 0, 1, 0, 1, 0, 1, 0, 1, 0, 1]",1024,0.9433590349981387,2048,1014.3372580384356,0.99,1024,0.001,geometric
120,9.0,0,"[1, 1, 0, 0, 1, 1, 1, 1, 1, 0, 0, 1, 0, 1, 1, 0, 0, 1, 0, 0]",2048,0.00010706099783419631,2048,2047.9977963552642,0.99,2048,0.001,geometric
121,11.0,2,"[1, 1, 0, 0, 1, 0, 1, 1, 1, 0, 0, 1, 0, 1, 1, 0, 0, 1, 1, 0]",2048,0.0006646269976045005,2048,2047.986319969825,0.99,2048,0.001,geometric
122,11.0,4,"[1, 1, 0, 0, 1, 0, 1, 1, 1, 0, 1, 1, 0, 1, 0, 0, 0, 1, 1, 0]",2048,0.09602814599929843,2048,2046.0243977320952,0.99,2048,0.001,geometric
123,10.0,8,"[0, 1, 0, 0, 1, 0, 1, 0, 1, 1, 1, 1, 0, 0, 0, 0, 0, 1, 1, 0]",2048,0.1913384049985325,2048,2044.0654491181829,0.99,2048,0.001,geometric
124,9.0,16,"[0, 0, 0, 1, 0, 0, 1, 0, 0, 1, 1, 1, 0, 1, 0, 0, 0, 1, 1, 1]",2048,0.28842189199713175,2048,2042.071982897353,0.99,2048,0.001,geometric
125,8.0,32,"[0, 0, 0, 1, 0, 0, 0, 1, 1, 1, 0, 0, 0, 1, 0, 1, 1, 1, 1, 0]",2048,0.3881256669992581,2048,2040.02673644464,0.99,2048,0.001,geometric
126,11.0,64,"[1, 1, 1, 1, 1, 0, 1, 0, 1, 1, 1, 0, 1, 1, 0, 1, 0, 1, 0, 0]",2048,0.48867268999674707,2048,2037.9662667321893,0.99,2048,0.001,geometric
127,5.0,128,"[1, 0, 0, 0, 0, 1, 1, 0, 1, 1, 1, 1, 1, 1, 0, 0, 0, 0, 0, 0]",2048,0.5944122779983445,2048,2035.80163293992,0.99,2048,0.001,geometric
128,9.0,256,"[1, 1, 0, 1, 0, 0, 0, 0, 0, 0, 0, 1, 0, 1, 0, 1, 1, 1, 1, 0]",2048,0.7100401499992586,2048,2033.4372041208999,0.99,2048,0.001,geometric
129,8.0,512,"[1, 1, 1, 1, 0, 0, 0, 0, 1, 0, 0, 0, 0, 0, 1, 1, 0, 1, 0, 1]",2048,0.850836604997312,2048,2030.5618203183965,0.99,2048,0.001,geometric
130,18.0,1024,"[1, 0, 1, 0, 0, 1, 0, 1, 0, 1, 0, 1, 0, 1, 0, 1, 0, 1, 0, 1]",2048,1.030557158999727,2048,2026.8974245237905,0.99,2048,0.001,geometric
131,19.0,2048,"[0, 1, 0, 1, 0, 1, 0, 1, 0, 1, 0, 1, 0, 1, 0, 1, 0, 1, 0, 1]",2048,1.205583762999595,2048,2023.3350917246578,0.99,2048,0.001,geometric
132,9.0,0,"[1, 1, 0, 0, 1, 1, 1, 1, 1, 0, 0, 1, 0, 1, 1, 0, 0, 1, 0, 0]",4096,0.00010686099994927645,2048,4095.995600943668,0.99,4096,0.001,geometric
133,11.0,2,"[1, 1, 0, 0, 1, 0, 1, 1, 1, 0, 0, 1, 0, 1, 1, 0, 0, 1, 1, 0]",4096,0.0006546170006913599,2048,4095.9730520102094,0.99,4096,0.001,geometric
134,11.0,4,"[1, 1, 0, 0, 1, 0, 1, 1, 1, 0, 1, 1, 0, 1, 0, 0, 0, 1, 1, 0]",4096,0.10631305400238489,2048,4091.625835418404,0.99,4096,0.001,geometric
135,10.0,8,"[0, 1, 0, 0, 1, 0, 1, 0, 1, 1, 1, 1, 0, 0, 0, 0, 0, 1, 1, 0]",4096,0.21430372599934344,2048,4087.1874289439274,0.99,4096,0.001,geometric
136,9.0,16,"[0, 0, 0, 1, 0, 0, 1, 0, 0, 1, 1, 1, 0, 1, 0, 0, 0, 1, 1, 1]",4096,0.3231818860003841,2048,4082.7174208727097,0.99,4096,0.001,geometric
137,8.0,32,"[0, 0, 0, 1, 0, 0, 0, 1, 1, 1, 0, 0, 0, 1, 0, 1, 1, 1, 1, 0]",4096,0.433037578000949,2048,4078.212234792083,0.99,4096,0.001,geometric
138,11.0,64,"[1, 1, 1, 1, 1, 0, 1, 0, 1, 1, 1, 0, 1, 1, 0, 1, 0, 1, 0, 0]",4096,0.545330823999393,2048,4073.6122225447107,0.99,4096,0.001,geometric
139,5.0,128,"[1, 0, 0, 0, 0, 1, 1, 0, 1, 1, 1, 1, 1, 1, 0, 0, 0, 0, 0, 0]",4096,0.6602524379995884,2048,4068.909913205694,0.99,4096,0.001,geometric
140,9.0,256,"[1, 1, 0, 1, 0, 0, 0, 0, 0, 0, 0, 1, 0, 1, 0, 1, 1, 1, 1, 0]",4096,0.7889227369996661,2048,4063.6514822071645,0.99,4096,0.001,geometric
141,12.0,512,"[0, 0, 1, 1, 0, 0, 1, 0, 1, 0, 1, 1, 1, 0, 1, 0, 1, 1, 1, 0]",4096,0.937158280001313,2048,4057.6018926865804,0.99,4096,0.001,geometric
142,19.0,1024,"[0, 1, 0, 1, 0, 1, 0, 1, 0, 1, 0, 1, 0, 1, 0, 1, 0, 1, 0, 1]",4096,1.0951157950003108,2048,4051.165454233319,0.99,4096,0.001,geometric
143,19.0,2048,"[0, 1, 0, 1, 0, 1, 0, 1, 0, 1, 0, 1, 0, 1, 0, 1, 0, 1, 0, 1]",4096,1.0951157950003108,2048,4051.165454233319,0.99,4096,0.001,geometric
144,9.0,0,"[1, 1, 0, 0, 1, 1, 1, 1, 1, 0, 0, 1, 0, 1, 1, 0, 0, 1, 0, 0]",8192,0.00010720099817262962,2048,8191.991173894512,0.99,8192,0.001,geometric
145,11.0,2,"[1, 1, 0, 0, 1, 0, 1, 1, 1, 0, 0, 1, 0, 1, 1, 0, 0, 1, 1, 0]",8192,0.0006570669975189958,2048,8191.945902307749,0.99,8192,0.001,geometric
146,11.0,4,"[1, 1, 0, 0, 1, 0, 1, 1, 1, 0, 1, 1, 0, 1, 0, 0, 0, 1, 1, 0]",8192,0.11282982299962896,2048,8182.715720451821,0.99,8192,0.001,geometric
147,10.0,8,"[0, 1, 0, 0, 1, 0, 1, 0, 1, 1, 1, 1, 0, 0, 0, 0, 0, 1, 1, 0]",8192,0.22651083399978234,2048,8173.372041850223,0.99,8192,0.001,geometric
148,9.0,16,"[0, 0, 0, 1, 0, 0, 1, 0, 0, 1, 1, 1, 0, 1, 0, 0, 0, 1, 1, 1]",8192,0.34124147599868593,2048,8163.952909437804,0.99,8192,0.001,geometric
149,8.0,32,"[0, 0, 0, 1, 0, 0, 0, 1, 1, 1, 0, 0, 0, 1, 0, 1, 1, 1, 1, 0]",8192,0.45691010799782816,2048,8154.4677583293205,0.99,8192,0.001,geometric
150,11.0,64,"[1, 1, 1, 1, 1, 0, 1, 0, 1, 1, 1, 0, 1, 1, 0, 1, 0, 1, 0, 0]",8192,0.5757467729999917,2048,8144.734296579478,0.99,8192,0.001,geometric
151,5.0,128,"[1, 0, 0, 0, 0, 1, 1, 0, 1, 1, 1, 1, 1, 1, 0, 0, 0, 0, 0, 0]",8192,0.6988265229992976,2048,8134.665547468214,0.99,8192,0.001,geometric
152,9.0,256,"[1, 1, 0, 1, 0, 0, 0, 0, 0, 0, 0, 1, 0, 1, 0, 1, 1, 1, 1, 0]",8192,0.8316402649979864,2048,8123.814454885994,0.99,8192,0.001,geometric
153,7.0,512,"[0, 0, 1, 0, 0, 0, 1, 0, 0, 0, 1, 1, 0, 1, 1, 1, 1, 1, 1, 1]",8192,0.9867373699999007,2048,8111.161096127514,0.99,8192,0.001,geometric
154,15.0,1024,"[1, 0, 0, 1, 0, 1, 0, 1, 0, 1, 0, 1, 1, 0, 0, 1, 1, 0, 1, 0]",8192,1.1903268129972275,2048,8094.581474399194,0.99,8192,0.001,geometric
155,19.0,2048,"[0, 1, 0, 1, 0, 1, 0, 1, 0, 1, 0, 1, 0, 1, 0, 1, 0, 1, 0, 1]",8192,1.4141977689978376,2048,8076.38931542551,0.99,8192,0.001,geometric
