,Fitness,Iteration,Restarts,State,Time,current_restart,max_iters
0,17.0,0,10,"[5, 11, 12, 8, 9, 11, 5, 15, 0, 16, 1, 12, 7, 13, 6, 18, 5, 18, 11, 10]",0.000574691999645438,0,2048
1,17.0,2,10,"[5, 11, 12, 8, 9, 11, 5, 15, 0, 16, 1, 12, 7, 13, 6, 18, 5, 18, 11, 10]",0.0017955169969354756,0,2048
2,16.0,4,10,"[5, 11, 12, 8, 9, 11, 5, 15, 0, 16, 1, 12, 7, 13, 6, 18, 5, 0, 11, 10]",0.010000983998907031,0,2048
3,16.0,8,10,"[5, 11, 12, 8, 9, 11, 5, 15, 0, 16, 1, 12, 7, 13, 6, 18, 5, 0, 11, 10]",0.022255986998061417,0,2048
4,11.0,16,10,"[5, 11, 12, 4, 9, 11, 18, 15, 0, 16, 1, 12, 7, 13, 6, 18, 5, 0, 16, 10]",0.03299888499896042,0,2048
5,8.0,32,10,"[4, 11, 13, 4, 9, 11, 18, 15, 1, 16, 1, 12, 7, 13, 6, 18, 5, 0, 16, 10]",0.048493283000425436,0,2048
6,4.0,64,10,"[14, 11, 13, 4, 9, 11, 2, 15, 1, 16, 0, 12, 7, 13, 6, 18, 5, 19, 16, 10]",0.07343624299755902,0,2048
7,3.0,128,10,"[14, 11, 13, 4, 9, 11, 2, 15, 1, 16, 0, 12, 7, 17, 6, 18, 5, 19, 16, 10]",0.114214371998969,0,2048
8,2.0,256,10,"[14, 11, 13, 3, 9, 11, 2, 15, 1, 16, 0, 12, 7, 17, 6, 18, 5, 19, 16, 10]",0.19167646300047636,0,2048
9,2.0,512,10,"[14, 11, 13, 3, 9, 11, 2, 15, 1, 16, 0, 12, 7, 17, 6, 18, 5, 19, 16, 10]",0.3417942329979269,0,2048
10,2.0,1024,10,"[14, 11, 13, 3, 9, 11, 2, 15, 1, 16, 0, 12, 7, 17, 6, 18, 5, 19, 16, 10]",0.4678027469999506,0,2048
11,2.0,2048,10,"[14, 11, 13, 3, 9, 11, 2, 15, 1, 16, 0, 12, 7, 17, 6, 18, 5, 19, 16, 10]",0.4678027469999506,0,2048
12,23.0,0,10,"[2, 17, 2, 19, 3, 19, 2, 10, 8, 11, 17, 4, 14, 3, 8, 11, 3, 8, 17, 19]",0.47822869299852755,1,2048
13,19.0,2,10,"[2, 17, 19, 19, 3, 19, 2, 10, 8, 11, 17, 4, 14, 3, 0, 11, 3, 8, 17, 19]",0.48089722499935306,1,2048
14,19.0,4,10,"[2, 17, 19, 19, 3, 19, 2, 10, 8, 11, 17, 4, 14, 3, 0, 11, 3, 8, 17, 19]",0.492082474000199,1,2048
15,19.0,8,10,"[2, 17, 19, 19, 3, 19, 2, 10, 8, 11, 17, 4, 14, 3, 0, 11, 3, 8, 17, 19]",0.5047910199973558,1,2048
16,16.0,16,10,"[4, 2, 19, 19, 3, 19, 2, 10, 8, 11, 17, 4, 14, 3, 0, 11, 3, 8, 17, 19]",0.5207645999980741,1,2048
17,14.0,32,10,"[4, 2, 19, 19, 3, 19, 2, 10, 16, 11, 17, 4, 14, 3, 0, 11, 3, 8, 17, 19]",0.5415233619969513,1,2048
18,9.0,64,10,"[4, 2, 19, 19, 3, 6, 2, 10, 16, 11, 17, 4, 14, 3, 0, 9, 3, 8, 15, 19]",0.5739812840001832,1,2048
19,5.0,128,10,"[13, 5, 7, 19, 3, 6, 2, 10, 16, 11, 17, 4, 14, 3, 0, 9, 3, 8, 15, 19]",0.6251227389984706,1,2048
20,5.0,256,10,"[13, 5, 7, 19, 3, 6, 2, 10, 16, 11, 17, 4, 14, 3, 0, 9, 3, 8, 15, 19]",0.7136687589991197,1,2048
21,3.0,512,10,"[13, 5, 7, 1, 18, 6, 2, 10, 16, 11, 17, 4, 14, 3, 0, 9, 3, 8, 15, 19]",0.8869885109997995,1,2048
22,3.0,1024,10,"[13, 5, 7, 1, 18, 6, 2, 10, 16, 11, 17, 4, 14, 3, 0, 9, 3, 8, 15, 19]",1.1328569229990535,1,2048
23,3.0,2048,10,"[13, 5, 7, 1, 18, 6, 2, 10, 16, 11, 17, 4, 14, 3, 0, 9, 3, 8, 15, 19]",1.1328569229990535,1,2048
24,20.0,0,10,"[14, 15, 13, 5, 1, 2, 14, 19, 13, 19, 11, 5, 19, 0, 15, 2, 9, 6, 7, 6]",1.1513145539975085,2,2048
25,19.0,2,10,"[10, 15, 13, 5, 1, 2, 14, 19, 13, 19, 11, 5, 19, 0, 15, 2, 9, 6, 7, 6]",1.153496544000518,2,2048
26,18.0,4,10,"[10, 15, 13, 5, 1, 2, 14, 19, 13, 19, 11, 5, 19, 0, 15, 2, 9, 6, 13, 6]",1.1729853489996458,2,2048
27,10.0,8,10,"[10, 15, 7, 5, 1, 3, 14, 19, 4, 19, 11, 5, 19, 0, 15, 2, 9, 6, 13, 18]",1.1957339090004098,2,2048
28,9.0,16,10,"[10, 15, 7, 5, 1, 3, 14, 19, 4, 19, 11, 11, 19, 0, 15, 2, 9, 6, 13, 18]",1.2189854419993935,2,2048
29,8.0,32,10,"[10, 17, 7, 5, 1, 3, 14, 19, 4, 19, 11, 11, 19, 0, 15, 2, 9, 6, 13, 18]",1.247662287998537,2,2048
30,6.0,64,10,"[10, 17, 7, 5, 1, 3, 14, 19, 4, 18, 11, 11, 19, 0, 15, 2, 9, 6, 12, 18]",1.2880361749994336,2,2048
31,5.0,128,10,"[10, 17, 7, 5, 1, 3, 14, 19, 4, 18, 11, 11, 16, 0, 15, 2, 9, 6, 12, 18]",1.347706307999033,2,2048
32,5.0,256,10,"[10, 17, 7, 5, 1, 3, 14, 19, 4, 18, 11, 11, 16, 0, 15, 2, 9, 6, 12, 18]",1.4502248889984912,2,2048
33,4.0,512,10,"[10, 17, 7, 5, 1, 3, 14, 19, 4, 18, 13, 11, 16, 0, 15, 2, 9, 6, 12, 18]",1.6383847469987813,2,2048
34,3.0,1024,10,"[10, 17, 7, 5, 1, 3, 14, 19, 4, 18, 13, 11, 16, 8, 15, 2, 9, 6, 12, 18]",2.00009800800035,2,2048
35,3.0,2048,10,"[10, 17, 7, 5, 1, 3, 14, 19, 4, 18, 13, 11, 16, 8, 15, 2, 9, 6, 12, 18]",2.081964787998004,2,2048
36,15.0,0,10,"[15, 1, 18, 15, 7, 5, 3, 2, 13, 5, 15, 5, 1, 0, 12, 9, 2, 5, 17, 1]",2.1095865089992003,3,2048
37,15.0,2,10,"[15, 1, 18, 15, 7, 5, 3, 2, 13, 5, 15, 5, 1, 0, 12, 9, 2, 5, 17, 1]",2.1112610469972424,3,2048
38,15.0,4,10,"[15, 1, 18, 15, 7, 5, 3, 2, 13, 5, 15, 5, 1, 0, 12, 9, 2, 5, 17, 1]",2.139750851998542,3,2048
39,15.0,8,10,"[15, 1, 18, 15, 7, 5, 3, 2, 13, 5, 15, 5, 1, 0, 12, 9, 2, 5, 17, 1]",2.1697599639992404,3,2048
40,12.0,16,10,"[15, 10, 18, 15, 7, 5, 3, 14, 13, 5, 15, 5, 11, 0, 12, 9, 2, 5, 17, 1]",2.2039926949983055,3,2048
41,12.0,32,10,"[15, 10, 18, 15, 7, 5, 3, 14, 13, 5, 15, 5, 11, 0, 12, 9, 2, 5, 17, 1]",2.24252756399801,3,2048
42,8.0,64,10,"[15, 10, 6, 16, 7, 5, 3, 14, 13, 5, 2, 5, 11, 0, 12, 9, 2, 5, 17, 1]",2.294595062998269,3,2048
43,6.0,128,10,"[15, 10, 6, 16, 7, 5, 3, 14, 19, 5, 2, 5, 11, 0, 12, 9, 18, 5, 17, 1]",2.3685826789987914,3,2048
44,4.0,256,10,"[15, 10, 6, 16, 7, 5, 3, 14, 19, 5, 2, 5, 11, 0, 12, 9, 18, 8, 4, 1]",2.4866180879980675,3,2048
45,1.0,512,10,"[15, 10, 6, 16, 7, 13, 3, 14, 19, 5, 2, 17, 11, 0, 12, 9, 18, 8, 4, 1]",2.704808537997451,3,2048
46,1.0,1024,10,"[15, 10, 6, 16, 7, 13, 3, 14, 19, 5, 2, 17, 11, 0, 12, 9, 18, 8, 4, 1]",2.9935458979998657,3,2048
47,1.0,2048,10,"[15, 10, 6, 16, 7, 13, 3, 14, 19, 5, 2, 17, 11, 0, 12, 9, 18, 8, 4, 1]",2.9935458979998657,3,2048
48,19.0,0,10,"[5, 18, 12, 11, 14, 14, 11, 18, 11, 0, 2, 7, 0, 17, 13, 10, 9, 6, 13, 9]",3.0296880770001735,4,2048
49,19.0,2,10,"[5, 18, 12, 11, 14, 14, 11, 18, 11, 0, 2, 7, 0, 17, 13, 10, 9, 6, 13, 9]",3.0314612740003213,4,2048
50,19.0,4,10,"[5, 18, 12, 11, 14, 14, 11, 18, 11, 0, 2, 7, 0, 17, 13, 10, 9, 6, 13, 9]",3.0677298739974503,4,2048
51,16.0,8,10,"[5, 18, 12, 11, 14, 11, 11, 18, 0, 0, 2, 7, 0, 17, 13, 10, 0, 6, 13, 9]",3.1101188699976774,4,2048
52,15.0,16,10,"[5, 18, 12, 11, 14, 11, 11, 18, 0, 0, 1, 7, 0, 17, 13, 10, 0, 6, 13, 9]",3.1515347929998825,4,2048
53,11.0,32,10,"[5, 18, 11, 11, 14, 11, 11, 18, 0, 0, 1, 7, 0, 17, 13, 10, 17, 6, 4, 9]",3.199922924999555,4,2048
54,10.0,64,10,"[5, 18, 11, 11, 14, 11, 11, 14, 0, 0, 1, 7, 0, 17, 13, 10, 17, 6, 4, 9]",3.2602365109996754,4,2048
55,6.0,128,10,"[3, 18, 11, 11, 14, 5, 11, 14, 0, 15, 1, 7, 0, 17, 13, 10, 17, 6, 4, 9]",3.3438781189979636,4,2048
56,4.0,256,10,"[3, 18, 11, 16, 12, 5, 11, 14, 0, 15, 1, 7, 0, 17, 13, 10, 17, 6, 4, 9]",3.476995753997471,4,2048
57,3.0,512,10,"[3, 18, 11, 16, 12, 5, 8, 14, 0, 15, 1, 7, 0, 17, 13, 10, 17, 6, 4, 9]",3.7131992329996137,4,2048
58,1.0,1024,10,"[3, 19, 11, 16, 12, 5, 8, 14, 0, 15, 1, 7, 0, 18, 13, 10, 17, 6, 4, 9]",4.152575525997236,4,2048
59,1.0,2048,10,"[3, 19, 11, 16, 12, 5, 8, 14, 0, 15, 1, 7, 0, 18, 13, 10, 17, 6, 4, 9]",4.527046782997786,4,2048
60,22.0,0,10,"[7, 19, 12, 9, 8, 15, 9, 14, 13, 7, 16, 7, 16, 5, 19, 19, 10, 18, 3, 9]",4.574772912998014,5,2048
61,21.0,2,10,"[7, 19, 12, 9, 8, 2, 9, 14, 13, 7, 16, 7, 16, 5, 19, 19, 10, 18, 3, 9]",4.577227953999682,5,2048
62,21.0,4,10,"[7, 19, 12, 9, 8, 2, 9, 14, 13, 7, 16, 7, 16, 5, 19, 19, 10, 18, 3, 9]",4.626041919000272,5,2048
63,19.0,8,10,"[7, 19, 12, 9, 8, 2, 9, 14, 13, 7, 16, 7, 18, 5, 19, 19, 10, 18, 17, 9]",4.6775910849974025,5,2048
64,18.0,16,10,"[7, 19, 12, 9, 8, 2, 9, 14, 13, 7, 16, 7, 18, 5, 19, 19, 10, 18, 17, 6]",4.731964085000072,5,2048
65,10.0,32,10,"[0, 19, 12, 9, 8, 2, 9, 14, 13, 4, 16, 7, 10, 5, 15, 8, 10, 18, 17, 6]",4.796682768999744,5,2048
66,8.0,64,10,"[0, 19, 12, 17, 8, 2, 9, 14, 13, 4, 16, 7, 10, 5, 15, 8, 0, 18, 17, 6]",4.870723255000485,5,2048
67,8.0,128,10,"[0, 19, 12, 17, 8, 2, 9, 14, 13, 4, 16, 7, 10, 5, 15, 8, 0, 18, 17, 6]",4.969600119999086,5,2048
68,2.0,256,10,"[0, 19, 12, 5, 8, 2, 9, 14, 13, 4, 16, 7, 10, 3, 15, 8, 1, 11, 17, 6]",5.1196028199992725,5,2048
69,2.0,512,10,"[0, 19, 12, 5, 8, 2, 9, 14, 13, 4, 16, 7, 10, 3, 15, 8, 1, 11, 17, 6]",5.370554113997059,5,2048
70,2.0,1024,10,"[0, 19, 12, 5, 8, 2, 9, 14, 13, 4, 16, 7, 10, 3, 15, 8, 1, 11, 17, 6]",5.602525303998846,5,2048
71,2.0,2048,10,"[0, 19, 12, 5, 8, 2, 9, 14, 13, 4, 16, 7, 10, 3, 15, 8, 1, 11, 17, 6]",5.602525303998846,5,2048
72,21.0,0,10,"[8, 0, 11, 8, 9, 0, 7, 8, 0, 6, 2, 14, 0, 7, 5, 11, 14, 4, 10, 10]",5.655427546997089,6,2048
73,21.0,2,10,"[8, 0, 11, 8, 9, 0, 7, 8, 0, 6, 2, 14, 0, 7, 5, 11, 14, 4, 10, 10]",5.657403624998551,6,2048
74,18.0,4,10,"[8, 0, 11, 8, 9, 0, 2, 8, 9, 6, 2, 14, 0, 7, 5, 11, 14, 4, 10, 10]",5.7128742189997865,6,2048
75,16.0,8,10,"[8, 0, 11, 8, 9, 0, 2, 8, 9, 6, 2, 14, 12, 7, 5, 11, 14, 4, 10, 10]",5.772287010997388,6,2048
76,13.0,16,10,"[8, 17, 11, 8, 9, 0, 2, 8, 9, 6, 2, 14, 12, 7, 5, 11, 14, 4, 10, 3]",5.834530705000361,6,2048
77,9.0,32,10,"[11, 17, 11, 16, 9, 0, 2, 8, 18, 6, 2, 14, 12, 7, 5, 2, 14, 4, 10, 3]",5.904123010997864,6,2048
78,5.0,64,10,"[11, 17, 1, 16, 9, 0, 2, 8, 18, 6, 13, 14, 12, 7, 5, 2, 14, 19, 10, 3]",5.985705099999905,6,2048
79,4.0,128,10,"[11, 17, 1, 16, 9, 0, 15, 8, 18, 6, 13, 14, 12, 7, 5, 2, 14, 19, 10, 3]",6.0943286570000055,6,2048
80,4.0,256,10,"[11, 17, 1, 16, 9, 0, 15, 8, 18, 6, 13, 14, 12, 7, 5, 2, 14, 19, 10, 3]",6.254365000997495,6,2048
81,3.0,512,10,"[11, 17, 1, 16, 9, 0, 15, 8, 18, 6, 13, 18, 12, 7, 5, 2, 14, 19, 10, 3]",6.532466544998897,6,2048
82,3.0,1024,10,"[11, 17, 1, 16, 9, 0, 15, 8, 18, 6, 13, 18, 12, 7, 5, 2, 14, 19, 10, 3]",6.958516638998844,6,2048
83,3.0,2048,10,"[11, 17, 1, 16, 9, 0, 15, 8, 18, 6, 13, 18, 12, 7, 5, 2, 14, 19, 10, 3]",6.958516638998844,6,2048
84,19.0,0,10,"[18, 7, 14, 2, 11, 14, 2, 4, 17, 1, 5, 7, 17, 3, 10, 8, 6, 5, 4, 1]",7.02084805299819,7,2048
85,19.0,2,10,"[18, 7, 14, 2, 11, 14, 2, 4, 17, 1, 5, 7, 17, 3, 10, 8, 6, 5, 4, 1]",7.022922312000446,7,2048
86,17.0,4,10,"[18, 7, 14, 2, 11, 19, 2, 4, 17, 1, 5, 7, 15, 3, 10, 8, 6, 5, 4, 1]",7.086468161996891,7,2048
87,16.0,8,10,"[18, 7, 14, 2, 11, 19, 2, 4, 17, 1, 5, 7, 15, 17, 10, 8, 6, 5, 4, 1]",7.150363182998262,7,2048
88,12.0,16,10,"[18, 7, 14, 2, 11, 19, 2, 4, 17, 1, 5, 2, 15, 17, 10, 8, 6, 6, 4, 1]",7.220400450998568,7,2048
89,10.0,32,10,"[18, 7, 14, 2, 11, 19, 11, 12, 17, 1, 5, 2, 15, 17, 10, 8, 6, 6, 4, 1]",7.296006483000383,7,2048
90,7.0,64,10,"[18, 7, 14, 2, 11, 19, 0, 12, 17, 1, 5, 2, 15, 17, 10, 8, 6, 18, 4, 1]",7.387686357000348,7,2048
91,6.0,128,10,"[18, 7, 14, 2, 11, 19, 0, 12, 17, 1, 5, 2, 15, 17, 10, 8, 16, 18, 4, 1]",7.505833616000018,7,2048
92,4.0,256,10,"[18, 7, 14, 2, 11, 19, 0, 12, 17, 1, 5, 2, 15, 17, 3, 8, 16, 18, 4, 9]",7.679826061998028,7,2048
93,3.0,512,10,"[18, 7, 14, 2, 11, 19, 0, 12, 6, 1, 5, 2, 15, 17, 3, 8, 16, 18, 4, 9]",7.971674634998635,7,2048
94,3.0,1024,10,"[18, 7, 14, 2, 11, 19, 0, 12, 6, 1, 5, 2, 15, 17, 3, 8, 16, 18, 4, 9]",8.381267687000218,7,2048
95,3.0,2048,10,"[18, 7, 14, 2, 11, 19, 0, 12, 6, 1, 5, 2, 15, 17, 3, 8, 16, 18, 4, 9]",8.381267687000218,7,2048
96,22.0,0,10,"[12, 4, 5, 4, 17, 3, 17, 3, 2, 9, 11, 0, 6, 15, 6, 14, 14, 0, 3, 2]",8.452512980999018,8,2048
97,21.0,2,10,"[12, 4, 10, 4, 17, 3, 17, 3, 2, 9, 11, 0, 6, 15, 6, 14, 14, 0, 3, 2]",8.455227131998981,8,2048
98,20.0,4,10,"[12, 4, 10, 4, 17, 3, 17, 3, 2, 18, 11, 0, 6, 15, 6, 14, 14, 0, 3, 2]",8.527533460997802,8,2048
99,16.0,8,10,"[12, 4, 10, 4, 17, 3, 17, 3, 2, 18, 9, 0, 6, 15, 6, 14, 14, 0, 3, 4]",8.600698761998501,8,2048
100,13.0,16,10,"[12, 4, 10, 4, 17, 3, 17, 3, 2, 18, 9, 0, 6, 15, 6, 14, 14, 0, 3, 16]",8.678677584997786,8,2048
101,10.0,32,10,"[12, 4, 10, 4, 9, 3, 17, 3, 2, 18, 9, 0, 2, 15, 6, 11, 14, 0, 3, 16]",8.764245901998947,8,2048
102,8.0,64,10,"[12, 4, 10, 4, 9, 3, 17, 17, 2, 18, 9, 0, 2, 15, 6, 11, 14, 0, 3, 16]",8.866657421996933,8,2048
103,6.0,128,10,"[12, 4, 10, 4, 9, 3, 17, 17, 2, 18, 9, 0, 2, 15, 6, 11, 14, 5, 13, 16]",8.993851171999268,8,2048
104,5.0,256,10,"[12, 4, 10, 4, 9, 3, 17, 17, 8, 18, 9, 0, 2, 15, 6, 11, 14, 5, 13, 16]",9.182687671996973,8,2048
105,2.0,512,10,"[12, 4, 10, 7, 9, 3, 19, 17, 8, 18, 9, 0, 2, 15, 6, 11, 1, 5, 13, 16]",9.491087299000355,8,2048
106,2.0,1024,10,"[12, 4, 10, 7, 9, 3, 19, 17, 8, 18, 9, 0, 2, 15, 6, 11, 1, 5, 13, 16]",9.902122837000206,8,2048
107,2.0,2048,10,"[12, 4, 10, 7, 9, 3, 19, 17, 8, 18, 9, 0, 2, 15, 6, 11, 1, 5, 13, 16]",9.902122837000206,8,2048
108,19.0,0,10,"[3, 11, 9, 0, 2, 5, 1, 19, 19, 2, 5, 11, 7, 3, 15, 15, 13, 4, 19, 18]",9.979192205999425,9,2048
109,19.0,2,10,"[3, 11, 9, 0, 2, 5, 1, 19, 19, 2, 5, 11, 7, 3, 15, 15, 13, 4, 19, 18]",9.981460045997665,9,2048
110,18.0,4,10,"[3, 11, 9, 0, 2, 5, 1, 19, 19, 2, 2, 11, 7, 3, 15, 15, 13, 4, 19, 18]",10.060526283999934,9,2048
111,15.0,8,10,"[6, 11, 9, 0, 2, 5, 1, 19, 19, 2, 2, 11, 7, 3, 15, 19, 13, 4, 19, 18]",10.141462219999084,9,2048
112,15.0,16,10,"[6, 11, 9, 0, 2, 5, 1, 19, 19, 2, 2, 11, 7, 3, 15, 19, 13, 4, 19, 18]",10.226320482997835,9,2048
113,10.0,32,10,"[6, 11, 9, 0, 2, 5, 1, 19, 19, 11, 15, 11, 7, 3, 17, 19, 13, 4, 19, 18]",10.323574160996941,9,2048
114,9.0,64,10,"[6, 11, 9, 0, 2, 5, 1, 19, 19, 11, 15, 11, 7, 3, 17, 19, 8, 4, 19, 18]",10.43215454899837,9,2048
115,6.0,128,10,"[14, 11, 9, 0, 2, 5, 1, 19, 19, 11, 15, 17, 7, 3, 17, 19, 8, 4, 14, 18]",10.572984237998753,9,2048
116,5.0,256,10,"[13, 11, 9, 0, 2, 5, 1, 19, 19, 11, 15, 17, 7, 3, 17, 19, 8, 4, 14, 18]",10.774686324999493,9,2048
117,3.0,512,10,"[13, 16, 9, 0, 2, 5, 1, 19, 19, 11, 15, 17, 6, 3, 17, 19, 8, 4, 14, 18]",11.103238300998783,9,2048
118,2.0,1024,10,"[13, 16, 9, 0, 2, 5, 1, 19, 19, 11, 15, 12, 6, 3, 17, 19, 8, 4, 14, 18]",11.689551679999568,9,2048
119,2.0,2048,10,"[13, 16, 9, 0, 2, 5, 1, 19, 19, 11, 15, 12, 6, 3, 17, 19, 8, 4, 14, 18]",11.864413328999944,9,2048
120,19.0,0,10,"[11, 8, 5, 6, 9, 16, 13, 1, 0, 0, 14, 3, 10, 4, 7, 10, 10, 6, 11, 14]",11.950488037000468,10,2048
121,19.0,2,10,"[11, 8, 5, 6, 9, 16, 13, 1, 0, 0, 14, 3, 10, 4, 7, 10, 10, 6, 11, 14]",11.952808867998101,10,2048
122,17.0,4,10,"[11, 8, 5, 6, 9, 16, 13, 1, 12, 0, 14, 3, 10, 4, 7, 10, 10, 6, 11, 14]",12.042645022997021,10,2048
123,14.0,8,10,"[11, 3, 5, 6, 9, 16, 13, 1, 12, 0, 14, 3, 10, 4, 7, 0, 10, 6, 11, 14]",12.134177924999676,10,2048
124,12.0,16,10,"[12, 3, 5, 6, 9, 16, 13, 1, 12, 0, 15, 3, 10, 4, 7, 0, 10, 6, 11, 14]",12.230370359000517,10,2048
125,11.0,32,10,"[12, 3, 5, 6, 9, 16, 13, 1, 12, 2, 15, 3, 10, 4, 7, 0, 10, 6, 11, 14]",12.333586092998303,10,2048
126,8.0,64,10,"[12, 3, 5, 6, 9, 16, 13, 1, 12, 2, 15, 3, 10, 4, 10, 0, 17, 6, 11, 14]",12.452246984998055,10,2048
127,6.0,128,10,"[12, 3, 5, 13, 9, 16, 13, 1, 12, 2, 18, 3, 10, 4, 10, 0, 17, 6, 11, 14]",12.605340367997997,10,2048
128,5.0,256,10,"[12, 3, 5, 13, 9, 16, 13, 1, 12, 2, 18, 3, 10, 4, 10, 0, 15, 6, 11, 14]",12.822343702999206,10,2048
129,3.0,512,10,"[12, 17, 5, 13, 9, 16, 13, 1, 12, 2, 18, 3, 10, 4, 10, 0, 15, 6, 19, 14]",13.17764304499724,10,2048
130,3.0,1024,10,"[12, 17, 5, 13, 9, 16, 13, 1, 12, 2, 18, 3, 10, 4, 10, 0, 15, 6, 19, 14]",13.651878991997364,10,2048
131,3.0,2048,10,"[12, 17, 5, 13, 9, 16, 13, 1, 12, 2, 18, 3, 10, 4, 10, 0, 15, 6, 19, 14]",13.651878991997364,10,2048
132,17.0,0,25,"[5, 11, 12, 8, 9, 11, 5, 15, 0, 16, 1, 12, 7, 13, 6, 18, 5, 18, 11, 10]",0.0006634130004385952,0,2048
133,17.0,2,25,"[5, 11, 12, 8, 9, 11, 5, 15, 0, 16, 1, 12, 7, 13, 6, 18, 5, 18, 11, 10]",0.0020711090000986587,0,2048
134,16.0,4,25,"[5, 11, 12, 8, 9, 11, 5, 15, 0, 16, 1, 12, 7, 13, 6, 18, 5, 0, 11, 10]",0.09810057200229494,0,2048
135,16.0,8,25,"[5, 11, 12, 8, 9, 11, 5, 15, 0, 16, 1, 12, 7, 13, 6, 18, 5, 0, 11, 10]",0.1954135700034385,0,2048
136,11.0,16,25,"[5, 11, 12, 4, 9, 11, 18, 15, 0, 16, 1, 12, 7, 13, 6, 18, 5, 0, 16, 10]",0.29486707700198167,0,2048
137,8.0,32,25,"[4, 11, 13, 4, 9, 11, 18, 15, 1, 16, 1, 12, 7, 13, 6, 18, 5, 0, 16, 10]",0.40077914300127304,0,2048
138,4.0,64,25,"[14, 11, 13, 4, 9, 11, 2, 15, 1, 16, 0, 12, 7, 13, 6, 18, 5, 19, 16, 10]",0.5127702860008867,0,2048
139,3.0,128,25,"[14, 11, 13, 4, 9, 11, 2, 15, 1, 16, 0, 12, 7, 17, 6, 18, 5, 19, 16, 10]",0.6433040800002345,0,2048
140,2.0,256,25,"[14, 11, 13, 3, 9, 11, 2, 15, 1, 16, 0, 12, 7, 17, 6, 18, 5, 19, 16, 10]",0.8082808060025855,0,2048
141,2.0,512,25,"[14, 11, 13, 3, 9, 11, 2, 15, 1, 16, 0, 12, 7, 17, 6, 18, 5, 19, 16, 10]",1.0447091060013918,0,2048
142,2.0,1024,25,"[14, 11, 13, 3, 9, 11, 2, 15, 1, 16, 0, 12, 7, 17, 6, 18, 5, 19, 16, 10]",1.2588869080027507,0,2048
143,2.0,2048,25,"[14, 11, 13, 3, 9, 11, 2, 15, 1, 16, 0, 12, 7, 17, 6, 18, 5, 19, 16, 10]",1.2588869080027507,0,2048
144,23.0,0,25,"[2, 17, 2, 19, 3, 19, 2, 10, 8, 11, 17, 4, 14, 3, 8, 11, 3, 8, 17, 19]",1.3585284160035371,1,2048
145,19.0,2,25,"[2, 17, 19, 19, 3, 19, 2, 10, 8, 11, 17, 4, 14, 3, 0, 11, 3, 8, 17, 19]",1.360976877000212,1,2048
146,19.0,4,25,"[2, 17, 19, 19, 3, 19, 2, 10, 8, 11, 17, 4, 14, 3, 0, 11, 3, 8, 17, 19]",1.4612757780014363,1,2048
147,19.0,8,25,"[2, 17, 19, 19, 3, 19, 2, 10, 8, 11, 17, 4, 14, 3, 0, 11, 3, 8, 17, 19]",1.5607742160027556,1,2048
148,16.0,16,25,"[4, 2, 19, 19, 3, 19, 2, 10, 8, 11, 17, 4, 14, 3, 0, 11, 3, 8, 17, 19]",1.6669912230026966,1,2048
149,14.0,32,25,"[4, 2, 19, 19, 3, 19, 2, 10, 16, 11, 17, 4, 14, 3, 0, 11, 3, 8, 17, 19]",1.7757461210021575,1,2048
150,9.0,64,25,"[4, 2, 19, 19, 3, 6, 2, 10, 16, 11, 17, 4, 14, 3, 0, 9, 3, 8, 15, 19]",1.8966011730008177,1,2048
151,5.0,128,25,"[13, 5, 7, 19, 3, 6, 2, 10, 16, 11, 17, 4, 14, 3, 0, 9, 3, 8, 15, 19]",2.032326500000636,1,2048
152,5.0,256,25,"[13, 5, 7, 19, 3, 6, 2, 10, 16, 11, 17, 4, 14, 3, 0, 9, 3, 8, 15, 19]",2.2085521450026135,1,2048
153,3.0,512,25,"[13, 5, 7, 1, 18, 6, 2, 10, 16, 11, 17, 4, 14, 3, 0, 9, 3, 8, 15, 19]",2.4623044810032297,1,2048
154,3.0,1024,25,"[13, 5, 7, 1, 18, 6, 2, 10, 16, 11, 17, 4, 14, 3, 0, 9, 3, 8, 15, 19]",2.789506261000497,1,2048
155,3.0,2048,25,"[13, 5, 7, 1, 18, 6, 2, 10, 16, 11, 17, 4, 14, 3, 0, 9, 3, 8, 15, 19]",2.789506261000497,1,2048
156,20.0,0,25,"[14, 15, 13, 5, 1, 2, 14, 19, 13, 19, 11, 5, 19, 0, 15, 2, 9, 6, 7, 6]",2.897690567002428,2,2048
157,19.0,2,25,"[10, 15, 13, 5, 1, 2, 14, 19, 13, 19, 11, 5, 19, 0, 15, 2, 9, 6, 7, 6]",2.899803446001897,2,2048
158,18.0,4,25,"[10, 15, 13, 5, 1, 2, 14, 19, 13, 19, 11, 5, 19, 0, 15, 2, 9, 6, 13, 6]",3.007678930000111,2,2048
159,10.0,8,25,"[10, 15, 7, 5, 1, 3, 14, 19, 4, 19, 11, 5, 19, 0, 15, 2, 9, 6, 13, 18]",3.1194984420035325,2,2048
160,9.0,16,25,"[10, 15, 7, 5, 1, 3, 14, 19, 4, 19, 11, 11, 19, 0, 15, 2, 9, 6, 13, 18]",3.2319259270007024,2,2048
161,8.0,32,25,"[10, 17, 7, 5, 1, 3, 14, 19, 4, 19, 11, 11, 19, 0, 15, 2, 9, 6, 13, 18]",3.351465563002421,2,2048
162,6.0,64,25,"[10, 17, 7, 5, 1, 3, 14, 19, 4, 18, 11, 11, 19, 0, 15, 2, 9, 6, 12, 18]",3.480324409003515,2,2048
163,5.0,128,25,"[10, 17, 7, 5, 1, 3, 14, 19, 4, 18, 11, 11, 16, 0, 15, 2, 9, 6, 12, 18]",3.6278150280013506,2,2048
164,5.0,256,25,"[10, 17, 7, 5, 1, 3, 14, 19, 4, 18, 11, 11, 16, 0, 15, 2, 9, 6, 12, 18]",3.8143994490019395,2,2048
165,4.0,512,25,"[10, 17, 7, 5, 1, 3, 14, 19, 4, 18, 13, 11, 16, 0, 15, 2, 9, 6, 12, 18]",4.0888082860001305,2,2048
166,3.0,1024,25,"[10, 17, 7, 5, 1, 3, 14, 19, 4, 18, 13, 11, 16, 8, 15, 2, 9, 6, 12, 18]",4.528507690003607,2,2048
167,3.0,2048,25,"[10, 17, 7, 5, 1, 3, 14, 19, 4, 18, 13, 11, 16, 8, 15, 2, 9, 6, 12, 18]",4.696122887002275,2,2048
168,15.0,0,25,"[15, 1, 18, 15, 7, 5, 3, 2, 13, 5, 15, 5, 1, 0, 12, 9, 2, 5, 17, 1]",4.80966792700201,3,2048
169,15.0,2,25,"[15, 1, 18, 15, 7, 5, 3, 2, 13, 5, 15, 5, 1, 0, 12, 9, 2, 5, 17, 1]",4.811329854001087,3,2048
170,15.0,4,25,"[15, 1, 18, 15, 7, 5, 3, 2, 13, 5, 15, 5, 1, 0, 12, 9, 2, 5, 17, 1]",4.928157968002779,3,2048
171,15.0,8,25,"[15, 1, 18, 15, 7, 5, 3, 2, 13, 5, 15, 5, 1, 0, 12, 9, 2, 5, 17, 1]",5.045329014003073,3,2048
172,12.0,16,25,"[15, 10, 18, 15, 7, 5, 3, 14, 13, 5, 15, 5, 11, 0, 12, 9, 2, 5, 17, 1]",5.167655962002755,3,2048
173,12.0,32,25,"[15, 10, 18, 15, 7, 5, 3, 14, 13, 5, 15, 5, 11, 0, 12, 9, 2, 5, 17, 1]",5.293768276002083,3,2048
174,8.0,64,25,"[15, 10, 6, 16, 7, 5, 3, 14, 13, 5, 2, 5, 11, 0, 12, 9, 2, 5, 17, 1]",5.434193414002948,3,2048
175,6.0,128,25,"[15, 10, 6, 16, 7, 5, 3, 14, 19, 5, 2, 5, 11, 0, 12, 9, 18, 5, 17, 1]",5.592616541001917,3,2048
176,4.0,256,25,"[15, 10, 6, 16, 7, 5, 3, 14, 19, 5, 2, 5, 11, 0, 12, 9, 18, 8, 4, 1]",5.796958290000475,3,2048
177,1.0,512,25,"[15, 10, 6, 16, 7, 13, 3, 14, 19, 5, 2, 17, 11, 0, 12, 9, 18, 8, 4, 1]",6.0893559560026915,3,2048
178,1.0,1024,25,"[15, 10, 6, 16, 7, 13, 3, 14, 19, 5, 2, 17, 11, 0, 12, 9, 18, 8, 4, 1]",6.450180773001193,3,2048
179,1.0,2048,25,"[15, 10, 6, 16, 7, 13, 3, 14, 19, 5, 2, 17, 11, 0, 12, 9, 18, 8, 4, 1]",6.450180773001193,3,2048
180,19.0,0,25,"[5, 18, 12, 11, 14, 14, 11, 18, 11, 0, 2, 7, 0, 17, 13, 10, 9, 6, 13, 9]",6.575474654000573,4,2048
181,19.0,2,25,"[5, 18, 12, 11, 14, 14, 11, 18, 11, 0, 2, 7, 0, 17, 13, 10, 9, 6, 13, 9]",6.577281162000872,4,2048
182,19.0,4,25,"[5, 18, 12, 11, 14, 14, 11, 18, 11, 0, 2, 7, 0, 17, 13, 10, 9, 6, 13, 9]",6.700349344002461,4,2048
183,16.0,8,25,"[5, 18, 12, 11, 14, 11, 11, 18, 0, 0, 2, 7, 0, 17, 13, 10, 0, 6, 13, 9]",6.829371881001862,4,2048
184,15.0,16,25,"[5, 18, 12, 11, 14, 11, 11, 18, 0, 0, 1, 7, 0, 17, 13, 10, 0, 6, 13, 9]",6.958460689002095,4,2048
185,11.0,32,25,"[5, 18, 11, 11, 14, 11, 11, 18, 0, 0, 1, 7, 0, 17, 13, 10, 17, 6, 4, 9]",7.094325767000555,4,2048
186,10.0,64,25,"[5, 18, 11, 11, 14, 11, 11, 14, 0, 0, 1, 7, 0, 17, 13, 10, 17, 6, 4, 9]",7.239762946002884,4,2048
187,6.0,128,25,"[3, 18, 11, 11, 14, 5, 11, 14, 0, 15, 1, 7, 0, 17, 13, 10, 17, 6, 4, 9]",7.412605927002005,4,2048
188,4.0,256,25,"[3, 18, 11, 16, 12, 5, 11, 14, 0, 15, 1, 7, 0, 17, 13, 10, 17, 6, 4, 9]",7.6265552080003545,4,2048
189,3.0,512,25,"[3, 18, 11, 16, 12, 5, 8, 14, 0, 15, 1, 7, 0, 17, 13, 10, 17, 6, 4, 9]",7.933361827002955,4,2048
190,1.0,1024,25,"[3, 19, 11, 16, 12, 5, 8, 14, 0, 15, 1, 7, 0, 18, 13, 10, 17, 6, 4, 9]",8.432342802003404,4,2048
191,1.0,2048,25,"[3, 19, 11, 16, 12, 5, 8, 14, 0, 15, 1, 7, 0, 18, 13, 10, 17, 6, 4, 9]",8.887703955002507,4,2048
192,22.0,0,25,"[7, 19, 12, 9, 8, 15, 9, 14, 13, 7, 16, 7, 16, 5, 19, 19, 10, 18, 3, 9]",9.022694319002767,5,2048
193,21.0,2,25,"[7, 19, 12, 9, 8, 2, 9, 14, 13, 7, 16, 7, 16, 5, 19, 19, 10, 18, 3, 9]",9.025209370000084,5,2048
194,21.0,4,25,"[7, 19, 12, 9, 8, 2, 9, 14, 13, 7, 16, 7, 16, 5, 19, 19, 10, 18, 3, 9]",9.161070348000067,5,2048
195,19.0,8,25,"[7, 19, 12, 9, 8, 2, 9, 14, 13, 7, 16, 7, 18, 5, 19, 19, 10, 18, 17, 9]",9.303415794001921,5,2048
196,18.0,16,25,"[7, 19, 12, 9, 8, 2, 9, 14, 13, 7, 16, 7, 18, 5, 19, 19, 10, 18, 17, 6]",9.445225988001766,5,2048
197,10.0,32,25,"[0, 19, 12, 9, 8, 2, 9, 14, 13, 4, 16, 7, 10, 5, 15, 8, 10, 18, 17, 6]",9.598672793003061,5,2048
198,8.0,64,25,"[0, 19, 12, 17, 8, 2, 9, 14, 13, 4, 16, 7, 10, 5, 15, 8, 0, 18, 17, 6]",9.760034493003332,5,2048
199,8.0,128,25,"[0, 19, 12, 17, 8, 2, 9, 14, 13, 4, 16, 7, 10, 5, 15, 8, 0, 18, 17, 6]",9.948397611002292,5,2048
200,2.0,256,25,"[0, 19, 12, 5, 8, 2, 9, 14, 13, 4, 16, 7, 10, 3, 15, 8, 1, 11, 17, 6]",10.185637085000053,5,2048
201,2.0,512,25,"[0, 19, 12, 5, 8, 2, 9, 14, 13, 4, 16, 7, 10, 3, 15, 8, 1, 11, 17, 6]",10.520640488000936,5,2048
202,2.0,1024,25,"[0, 19, 12, 5, 8, 2, 9, 14, 13, 4, 16, 7, 10, 3, 15, 8, 1, 11, 17, 6]",10.837174711003172,5,2048
203,2.0,2048,25,"[0, 19, 12, 5, 8, 2, 9, 14, 13, 4, 16, 7, 10, 3, 15, 8, 1, 11, 17, 6]",10.837174711003172,5,2048
204,21.0,0,25,"[8, 0, 11, 8, 9, 0, 7, 8, 0, 6, 2, 14, 0, 7, 5, 11, 14, 4, 10, 10]",10.978302452000207,6,2048
205,21.0,2,25,"[8, 0, 11, 8, 9, 0, 7, 8, 0, 6, 2, 14, 0, 7, 5, 11, 14, 4, 10, 10]",10.980334210002184,6,2048
206,18.0,4,25,"[8, 0, 11, 8, 9, 0, 2, 8, 9, 6, 2, 14, 0, 7, 5, 11, 14, 4, 10, 10]",11.12385658200219,6,2048
207,16.0,8,25,"[8, 0, 11, 8, 9, 0, 2, 8, 9, 6, 2, 14, 12, 7, 5, 11, 14, 4, 10, 10]",11.269646423002996,6,2048
208,13.0,16,25,"[8, 17, 11, 8, 9, 0, 2, 8, 9, 6, 2, 14, 12, 7, 5, 11, 14, 4, 10, 3]",11.418125706000865,6,2048
209,9.0,32,25,"[11, 17, 11, 16, 9, 0, 2, 8, 18, 6, 2, 14, 12, 7, 5, 2, 14, 4, 10, 3]",11.576012191002519,6,2048
210,5.0,64,25,"[11, 17, 1, 16, 9, 0, 2, 8, 18, 6, 13, 14, 12, 7, 5, 2, 14, 19, 10, 3]",11.745208525000635,6,2048
211,4.0,128,25,"[11, 17, 1, 16, 9, 0, 15, 8, 18, 6, 13, 14, 12, 7, 5, 2, 14, 19, 10, 3]",11.941900650002935,6,2048
212,4.0,256,25,"[11, 17, 1, 16, 9, 0, 15, 8, 18, 6, 13, 14, 12, 7, 5, 2, 14, 19, 10, 3]",12.188177414001984,6,2048
213,3.0,512,25,"[11, 17, 1, 16, 9, 0, 15, 8, 18, 6, 13, 18, 12, 7, 5, 2, 14, 19, 10, 3]",12.54121891700197,6,2048
214,3.0,1024,25,"[11, 17, 1, 16, 9, 0, 15, 8, 18, 6, 13, 18, 12, 7, 5, 2, 14, 19, 10, 3]",13.047827995000262,6,2048
215,3.0,2048,25,"[11, 17, 1, 16, 9, 0, 15, 8, 18, 6, 13, 18, 12, 7, 5, 2, 14, 19, 10, 3]",13.047827995000262,6,2048
216,19.0,0,25,"[18, 7, 14, 2, 11, 14, 2, 4, 17, 1, 5, 7, 17, 3, 10, 8, 6, 5, 4, 1]",13.200002304001828,7,2048
217,19.0,2,25,"[18, 7, 14, 2, 11, 14, 2, 4, 17, 1, 5, 7, 17, 3, 10, 8, 6, 5, 4, 1]",13.20202432300357,7,2048
218,17.0,4,25,"[18, 7, 14, 2, 11, 19, 2, 4, 17, 1, 5, 7, 15, 3, 10, 8, 6, 5, 4, 1]",13.358253440001135,7,2048
219,16.0,8,25,"[18, 7, 14, 2, 11, 19, 2, 4, 17, 1, 5, 7, 15, 17, 10, 8, 6, 5, 4, 1]",13.511039873003028,7,2048
220,12.0,16,25,"[18, 7, 14, 2, 11, 19, 2, 4, 17, 1, 5, 2, 15, 17, 10, 8, 6, 6, 4, 1]",13.668482675002451,7,2048
221,10.0,32,25,"[18, 7, 14, 2, 11, 19, 11, 12, 17, 1, 5, 2, 15, 17, 10, 8, 6, 6, 4, 1]",13.833048289001454,7,2048
222,7.0,64,25,"[18, 7, 14, 2, 11, 19, 0, 12, 17, 1, 5, 2, 15, 17, 10, 8, 6, 18, 4, 1]",14.013455241001793,7,2048
223,6.0,128,25,"[18, 7, 14, 2, 11, 19, 0, 12, 17, 1, 5, 2, 15, 17, 10, 8, 16, 18, 4, 1]",14.219699380002567,7,2048
224,4.0,256,25,"[18, 7, 14, 2, 11, 19, 0, 12, 17, 1, 5, 2, 15, 17, 3, 8, 16, 18, 4, 9]",14.480734171000222,7,2048
225,3.0,512,25,"[18, 7, 14, 2, 11, 19, 0, 12, 6, 1, 5, 2, 15, 17, 3, 8, 16, 18, 4, 9]",14.854511871002614,7,2048
226,3.0,1024,25,"[18, 7, 14, 2, 11, 19, 0, 12, 6, 1, 5, 2, 15, 17, 3, 8, 16, 18, 4, 9]",15.351682789001643,7,2048
227,3.0,2048,25,"[18, 7, 14, 2, 11, 19, 0, 12, 6, 1, 5, 2, 15, 17, 3, 8, 16, 18, 4, 9]",15.351682789001643,7,2048
228,22.0,0,25,"[12, 4, 5, 4, 17, 3, 17, 3, 2, 9, 11, 0, 6, 15, 6, 14, 14, 0, 3, 2]",15.510291429000063,8,2048
229,21.0,2,25,"[12, 4, 10, 4, 17, 3, 17, 3, 2, 9, 11, 0, 6, 15, 6, 14, 14, 0, 3, 2]",15.512971391002793,8,2048
230,20.0,4,25,"[12, 4, 10, 4, 17, 3, 17, 3, 2, 18, 11, 0, 6, 15, 6, 14, 14, 0, 3, 2]",15.674396444002923,8,2048
231,16.0,8,25,"[12, 4, 10, 4, 17, 3, 17, 3, 2, 18, 9, 0, 6, 15, 6, 14, 14, 0, 3, 4]",15.83541226500165,8,2048
232,13.0,16,25,"[12, 4, 10, 4, 17, 3, 17, 3, 2, 18, 9, 0, 6, 15, 6, 14, 14, 0, 3, 16]",16.000274703001196,8,2048
233,10.0,32,25,"[12, 4, 10, 4, 9, 3, 17, 3, 2, 18, 9, 0, 2, 15, 6, 11, 14, 0, 3, 16]",16.17462097600219,8,2048
234,8.0,64,25,"[12, 4, 10, 4, 9, 3, 17, 17, 2, 18, 9, 0, 2, 15, 6, 11, 14, 0, 3, 16]",16.361734667003475,8,2048
235,6.0,128,25,"[12, 4, 10, 4, 9, 3, 17, 17, 2, 18, 9, 0, 2, 15, 6, 11, 14, 5, 13, 16]",16.575600431002385,8,2048
236,5.0,256,25,"[12, 4, 10, 4, 9, 3, 17, 17, 8, 18, 9, 0, 2, 15, 6, 11, 14, 5, 13, 16]",16.85232480400009,8,2048
237,2.0,512,25,"[12, 4, 10, 7, 9, 3, 19, 17, 8, 18, 9, 0, 2, 15, 6, 11, 1, 5, 13, 16]",17.244992951000313,8,2048
238,2.0,1024,25,"[12, 4, 10, 7, 9, 3, 19, 17, 8, 18, 9, 0, 2, 15, 6, 11, 1, 5, 13, 16]",17.739247485002124,8,2048
239,2.0,2048,25,"[12, 4, 10, 7, 9, 3, 19, 17, 8, 18, 9, 0, 2, 15, 6, 11, 1, 5, 13, 16]",17.739247485002124,8,2048
240,19.0,0,25,"[3, 11, 9, 0, 2, 5, 1, 19, 19, 2, 5, 11, 7, 3, 15, 15, 13, 4, 19, 18]",17.906190303001495,9,2048
241,19.0,2,25,"[3, 11, 9, 0, 2, 5, 1, 19, 19, 2, 5, 11, 7, 3, 15, 15, 13, 4, 19, 18]",17.90848489400014,9,2048
242,18.0,4,25,"[3, 11, 9, 0, 2, 5, 1, 19, 19, 2, 2, 11, 7, 3, 15, 15, 13, 4, 19, 18]",18.079469161002635,9,2048
243,15.0,8,25,"[6, 11, 9, 0, 2, 5, 1, 19, 19, 2, 2, 11, 7, 3, 15, 19, 13, 4, 19, 18]",18.247570794002968,9,2048
244,15.0,16,25,"[6, 11, 9, 0, 2, 5, 1, 19, 19, 2, 2, 11, 7, 3, 15, 19, 13, 4, 19, 18]",18.41751593600202,9,2048
245,10.0,32,25,"[6, 11, 9, 0, 2, 5, 1, 19, 19, 11, 15, 11, 7, 3, 17, 19, 13, 4, 19, 18]",18.59867986000245,9,2048
246,9.0,64,25,"[6, 11, 9, 0, 2, 5, 1, 19, 19, 11, 15, 11, 7, 3, 17, 19, 8, 4, 19, 18]",18.794944643002964,9,2048
247,6.0,128,25,"[14, 11, 9, 0, 2, 5, 1, 19, 19, 11, 15, 17, 7, 3, 17, 19, 8, 4, 14, 18]",19.026689759000874,9,2048
248,5.0,256,25,"[13, 11, 9, 0, 2, 5, 1, 19, 19, 11, 15, 17, 7, 3, 17, 19, 8, 4, 14, 18]",19.314105392000783,9,2048
249,3.0,512,25,"[13, 16, 9, 0, 2, 5, 1, 19, 19, 11, 15, 17, 6, 3, 17, 19, 8, 4, 14, 18]",19.725374124001974,9,2048
250,2.0,1024,25,"[13, 16, 9, 0, 2, 5, 1, 19, 19, 11, 15, 12, 6, 3, 17, 19, 8, 4, 14, 18]",20.387137549001636,9,2048
251,2.0,2048,25,"[13, 16, 9, 0, 2, 5, 1, 19, 19, 11, 15, 12, 6, 3, 17, 19, 8, 4, 14, 18]",20.645510178001132,9,2048
252,19.0,0,25,"[11, 8, 5, 6, 9, 16, 13, 1, 0, 0, 14, 3, 10, 4, 7, 10, 10, 6, 11, 14]",20.81582275200344,10,2048
253,19.0,2,25,"[11, 8, 5, 6, 9, 16, 13, 1, 0, 0, 14, 3, 10, 4, 7, 10, 10, 6, 11, 14]",20.818183303003025,10,2048
254,17.0,4,25,"[11, 8, 5, 6, 9, 16, 13, 1, 12, 0, 14, 3, 10, 4, 7, 10, 10, 6, 11, 14]",20.994006862001697,10,2048
255,14.0,8,25,"[11, 3, 5, 6, 9, 16, 13, 1, 12, 0, 14, 3, 10, 4, 7, 0, 10, 6, 11, 14]",21.17931987400152,10,2048
256,12.0,16,25,"[12, 3, 5, 6, 9, 16, 13, 1, 12, 0, 15, 3, 10, 4, 7, 0, 10, 6, 11, 14]",21.363066490001074,10,2048
257,11.0,32,25,"[12, 3, 5, 6, 9, 16, 13, 1, 12, 2, 15, 3, 10, 4, 7, 0, 10, 6, 11, 14]",21.55225438100024,10,2048
258,8.0,64,25,"[12, 3, 5, 6, 9, 16, 13, 1, 12, 2, 15, 3, 10, 4, 10, 0, 17, 6, 11, 14]",21.759815666002396,10,2048
259,6.0,128,25,"[12, 3, 5, 13, 9, 16, 13, 1, 12, 2, 18, 3, 10, 4, 10, 0, 17, 6, 11, 14]",21.99871722500029,10,2048
260,5.0,256,25,"[12, 3, 5, 13, 9, 16, 13, 1, 12, 2, 18, 3, 10, 4, 10, 0, 15, 6, 11, 14]",22.29870733500138,10,2048
261,3.0,512,25,"[12, 17, 5, 13, 9, 16, 13, 1, 12, 2, 18, 3, 10, 4, 10, 0, 15, 6, 19, 14]",22.7341444090016,10,2048
262,3.0,1024,25,"[12, 17, 5, 13, 9, 16, 13, 1, 12, 2, 18, 3, 10, 4, 10, 0, 15, 6, 19, 14]",23.291204902001482,10,2048
263,3.0,2048,25,"[12, 17, 5, 13, 9, 16, 13, 1, 12, 2, 18, 3, 10, 4, 10, 0, 15, 6, 19, 14]",23.291204902001482,10,2048
264,18.0,0,25,"[15, 3, 16, 8, 13, 3, 8, 14, 3, 14, 19, 14, 8, 10, 12, 2, 10, 16, 19, 3]",23.473926573002245,11,2048
265,18.0,2,25,"[15, 3, 16, 8, 13, 3, 8, 14, 3, 14, 19, 14, 8, 10, 12, 2, 10, 16, 19, 3]",23.476381644002686,11,2048
266,18.0,4,25,"[15, 3, 16, 8, 13, 3, 8, 14, 3, 14, 19, 14, 8, 10, 12, 2, 10, 16, 19, 3]",23.663796587003162,11,2048
267,15.0,8,25,"[15, 3, 16, 5, 13, 3, 18, 14, 3, 14, 19, 14, 8, 10, 12, 2, 10, 16, 19, 3]",23.850031584002863,11,2048
268,15.0,16,25,"[15, 3, 16, 5, 13, 3, 18, 14, 3, 14, 19, 14, 8, 10, 12, 2, 10, 16, 19, 3]",24.038655092001136,11,2048
269,11.0,32,25,"[15, 9, 16, 5, 12, 3, 18, 14, 3, 14, 17, 14, 8, 10, 4, 2, 10, 16, 19, 3]",24.240304639002716,11,2048
270,8.0,64,25,"[15, 9, 19, 5, 12, 3, 18, 7, 3, 14, 17, 14, 8, 10, 4, 2, 10, 16, 19, 3]",24.455955172001268,11,2048
271,3.0,128,25,"[15, 9, 11, 5, 1, 11, 18, 7, 3, 0, 17, 14, 8, 17, 4, 2, 10, 16, 19, 3]",24.707613840000704,11,2048
272,3.0,256,25,"[15, 9, 11, 5, 1, 11, 18, 7, 3, 0, 17, 14, 8, 17, 4, 2, 10, 16, 19, 3]",25.019498185003613,11,2048
273,1.0,512,25,"[15, 9, 11, 5, 1, 11, 18, 7, 13, 0, 17, 14, 8, 6, 4, 2, 10, 16, 19, 3]",25.47453761900033,11,2048
274,1.0,1024,25,"[15, 9, 11, 5, 1, 11, 18, 7, 13, 0, 17, 14, 8, 6, 4, 2, 10, 16, 19, 3]",26.04611453900361,11,2048
275,1.0,2048,25,"[15, 9, 11, 5, 1, 11, 18, 7, 13, 0, 17, 14, 8, 6, 4, 2, 10, 16, 19, 3]",26.04611453900361,11,2048
276,19.0,0,25,"[13, 0, 4, 4, 12, 18, 4, 3, 1, 2, 5, 15, 7, 1, 1, 11, 7, 13, 17, 11]",26.23642124500111,12,2048
277,17.0,2,25,"[13, 0, 4, 4, 12, 18, 4, 3, 1, 2, 5, 15, 7, 1, 1, 4, 7, 13, 17, 11]",26.239665549001074,12,2048
278,16.0,4,25,"[13, 0, 19, 4, 12, 18, 4, 3, 1, 2, 5, 15, 7, 1, 1, 4, 7, 13, 17, 11]",26.429587773000094,12,2048
279,13.0,8,25,"[13, 0, 19, 4, 12, 18, 4, 3, 1, 2, 16, 15, 7, 1, 1, 4, 7, 19, 17, 11]",26.62309811400337,12,2048
280,10.0,16,25,"[13, 0, 19, 4, 12, 18, 4, 3, 8, 2, 16, 15, 6, 1, 1, 4, 7, 19, 17, 11]",26.81935416700071,12,2048
281,7.0,32,25,"[13, 0, 19, 4, 12, 17, 3, 3, 8, 2, 16, 14, 6, 1, 1, 4, 7, 19, 17, 11]",27.031419593000464,12,2048
282,4.0,64,25,"[13, 0, 19, 4, 12, 17, 3, 3, 8, 2, 16, 14, 6, 18, 1, 5, 7, 15, 17, 11]",27.25757988300029,12,2048
283,4.0,128,25,"[13, 0, 19, 4, 12, 17, 3, 3, 8, 2, 16, 14, 6, 18, 1, 5, 7, 15, 17, 11]",27.510810139003297,12,2048
284,3.0,256,25,"[13, 0, 19, 4, 12, 17, 3, 3, 8, 2, 16, 14, 6, 18, 1, 5, 7, 15, 1, 11]",27.839534751001338,12,2048
285,3.0,512,25,"[13, 0, 19, 4, 12, 17, 3, 3, 8, 2, 16, 14, 6, 18, 1, 5, 7, 15, 1, 11]",28.306644541000423,12,2048
286,3.0,1024,25,"[13, 0, 19, 4, 12, 17, 3, 3, 8, 2, 16, 14, 6, 18, 1, 5, 7, 15, 1, 11]",28.635478264000994,12,2048
287,3.0,2048,25,"[13, 0, 19, 4, 12, 17, 3, 3, 8, 2, 16, 14, 6, 18, 1, 5, 7, 15, 1, 11]",28.635478264000994,12,2048
288,20.0,0,25,"[3, 10, 0, 15, 7, 5, 19, 12, 9, 9, 7, 10, 2, 1, 5, 3, 14, 10, 19, 3]",28.829698727000505,13,2048
289,18.0,2,25,"[3, 10, 0, 15, 7, 5, 19, 12, 9, 9, 18, 10, 2, 1, 5, 3, 14, 10, 19, 3]",28.832805882000685,13,2048
290,18.0,4,25,"[3, 10, 0, 15, 7, 5, 19, 12, 9, 9, 18, 10, 2, 1, 5, 3, 14, 10, 19, 3]",29.029104045002896,13,2048
291,15.0,8,25,"[3, 11, 0, 15, 7, 5, 19, 12, 9, 9, 18, 10, 2, 1, 10, 3, 14, 10, 19, 3]",29.227781229001266,13,2048
292,14.0,16,25,"[3, 11, 0, 15, 7, 5, 19, 12, 9, 9, 18, 10, 2, 1, 10, 3, 14, 6, 19, 3]",29.433329955001682,13,2048
293,12.0,32,25,"[16, 11, 0, 15, 7, 5, 19, 12, 9, 9, 18, 10, 2, 1, 10, 3, 14, 6, 19, 3]",29.647225559001527,13,2048
294,9.0,64,25,"[16, 11, 13, 15, 7, 5, 19, 12, 9, 9, 18, 10, 2, 1, 10, 10, 14, 6, 19, 3]",29.877192277002905,13,2048
295,6.0,128,25,"[16, 11, 13, 15, 7, 5, 0, 12, 0, 9, 18, 10, 2, 1, 10, 12, 14, 6, 19, 3]",30.14115502200002,13,2048
296,4.0,256,25,"[16, 11, 13, 15, 7, 5, 0, 12, 0, 4, 18, 10, 2, 1, 10, 12, 14, 6, 19, 3]",30.480582854001113,13,2048
297,3.0,512,25,"[16, 11, 13, 15, 7, 5, 0, 12, 0, 4, 18, 10, 2, 1, 10, 17, 14, 6, 19, 3]",30.958923135000077,13,2048
298,3.0,1024,25,"[16, 11, 13, 15, 7, 5, 0, 12, 0, 4, 18, 10, 2, 1, 10, 17, 14, 6, 19, 3]",31.441479135002737,13,2048
299,3.0,2048,25,"[16, 11, 13, 15, 7, 5, 0, 12, 0, 4, 18, 10, 2, 1, 10, 17, 14, 6, 19, 3]",31.441479135002737,13,2048
300,29.0,0,25,"[12, 17, 13, 12, 14, 4, 13, 3, 10, 9, 16, 5, 6, 13, 12, 14, 14, 19, 16, 0]",31.64348884500214,14,2048
301,24.0,2,25,"[12, 17, 13, 0, 13, 4, 13, 3, 10, 9, 16, 5, 6, 13, 12, 14, 14, 19, 16, 0]",31.647317123002722,14,2048
302,24.0,4,25,"[12, 17, 13, 0, 13, 4, 13, 3, 10, 9, 16, 5, 6, 13, 12, 14, 14, 19, 16, 0]",31.849439993002306,14,2048
303,19.0,8,25,"[12, 17, 13, 0, 13, 4, 13, 3, 15, 9, 16, 5, 6, 13, 12, 14, 14, 19, 19, 0]",32.054661227000906,14,2048
304,16.0,16,25,"[12, 4, 13, 0, 13, 4, 13, 3, 15, 9, 16, 5, 6, 13, 12, 7, 14, 19, 19, 11]",32.262919675002195,14,2048
305,15.0,32,25,"[12, 4, 13, 0, 13, 4, 13, 3, 15, 9, 14, 5, 6, 13, 12, 7, 14, 19, 19, 11]",32.483559870001045,14,2048
306,8.0,64,25,"[12, 4, 13, 0, 13, 4, 13, 3, 15, 9, 14, 17, 6, 1, 12, 5, 9, 19, 19, 11]",32.72474311000042,14,2048
307,7.0,128,25,"[12, 4, 13, 0, 13, 4, 13, 3, 15, 7, 14, 17, 6, 1, 12, 5, 9, 19, 19, 11]",32.99679374200059,14,2048
308,6.0,256,25,"[12, 4, 13, 0, 13, 4, 13, 3, 15, 7, 14, 17, 6, 1, 18, 5, 9, 19, 19, 11]",33.347947308000585,14,2048
309,3.0,512,25,"[12, 4, 2, 0, 13, 4, 16, 3, 15, 7, 14, 17, 6, 1, 18, 5, 9, 19, 19, 11]",33.84795132900035,14,2048
310,2.0,1024,25,"[12, 4, 2, 0, 13, 10, 16, 3, 15, 7, 14, 17, 6, 1, 18, 5, 9, 19, 19, 11]",34.649122095001076,14,2048
311,2.0,2048,25,"[12, 4, 2, 0, 13, 10, 16, 3, 15, 7, 14, 17, 6, 1, 18, 5, 9, 19, 19, 11]",34.97957602600218,14,2048
312,14.0,0,25,"[15, 13, 7, 10, 6, 0, 4, 0, 17, 10, 17, 10, 1, 11, 6, 19, 1, 13, 3, 10]",35.19010329500088,15,2048
313,14.0,2,25,"[15, 13, 7, 10, 6, 0, 4, 0, 17, 10, 17, 10, 1, 11, 6, 19, 1, 13, 3, 10]",35.19289582700003,15,2048
314,14.0,4,25,"[15, 13, 7, 10, 6, 0, 4, 0, 17, 10, 17, 10, 1, 11, 6, 19, 1, 13, 3, 10]",35.40721709400168,15,2048
315,13.0,8,25,"[15, 13, 7, 10, 6, 0, 4, 0, 17, 10, 17, 10, 1, 11, 6, 19, 1, 5, 3, 10]",35.6222590330035,15,2048
316,12.0,16,25,"[15, 13, 7, 10, 6, 0, 4, 0, 18, 10, 17, 10, 1, 11, 6, 19, 1, 5, 3, 10]",35.842927268000494,15,2048
317,7.0,32,25,"[15, 13, 7, 10, 6, 0, 4, 0, 17, 9, 6, 10, 18, 11, 6, 19, 1, 5, 8, 10]",36.071844822003186,15,2048
318,7.0,64,25,"[15, 13, 7, 10, 6, 0, 4, 0, 17, 9, 6, 10, 18, 11, 6, 19, 1, 5, 8, 10]",36.32208342300146,15,2048
319,6.0,128,25,"[15, 13, 7, 10, 6, 0, 3, 0, 17, 9, 6, 10, 18, 11, 6, 19, 1, 5, 8, 10]",36.61001482800202,15,2048
320,4.0,256,25,"[15, 13, 7, 10, 6, 16, 3, 0, 17, 9, 6, 12, 18, 11, 6, 19, 1, 5, 8, 10]",36.975909562002926,15,2048
321,3.0,512,25,"[15, 13, 7, 2, 6, 16, 3, 0, 17, 9, 6, 12, 18, 11, 6, 19, 1, 5, 8, 10]",37.50323695800034,15,2048
322,3.0,1024,25,"[15, 13, 7, 2, 6, 16, 3, 0, 17, 9, 6, 12, 18, 11, 6, 19, 1, 5, 8, 10]",38.15535657900182,15,2048
323,3.0,2048,25,"[15, 13, 7, 2, 6, 16, 3, 0, 17, 9, 6, 12, 18, 11, 6, 19, 1, 5, 8, 10]",38.15535657900182,15,2048
324,19.0,0,25,"[15, 14, 8, 4, 14, 2, 11, 15, 5, 14, 19, 15, 2, 19, 18, 19, 11, 8, 18, 12]",38.373255772003176,16,2048
325,19.0,2,25,"[15, 14, 8, 4, 14, 2, 11, 15, 5, 14, 19, 15, 2, 19, 18, 19, 11, 8, 18, 12]",38.376259415003005,16,2048
326,17.0,4,25,"[15, 0, 8, 4, 14, 2, 11, 15, 5, 14, 19, 15, 2, 19, 18, 19, 11, 8, 18, 12]",38.598701159000484,16,2048
327,17.0,8,25,"[15, 0, 8, 4, 14, 2, 11, 15, 5, 14, 19, 15, 2, 19, 18, 19, 11, 8, 18, 12]",38.82397595600196,16,2048
328,12.0,16,25,"[15, 0, 10, 4, 14, 2, 11, 15, 5, 14, 19, 15, 2, 19, 16, 19, 11, 8, 18, 12]",39.055121609002526,16,2048
329,11.0,32,25,"[15, 0, 10, 4, 14, 5, 11, 15, 5, 14, 19, 15, 2, 19, 16, 19, 11, 8, 18, 12]",39.296301379003125,16,2048
330,8.0,64,25,"[15, 0, 10, 4, 14, 5, 9, 15, 5, 14, 19, 13, 2, 19, 16, 19, 11, 8, 1, 12]",39.554729448002035,16,2048
331,6.0,128,25,"[15, 0, 10, 4, 14, 5, 9, 1, 5, 14, 19, 13, 2, 19, 6, 19, 11, 8, 1, 12]",39.852952120003465,16,2048
332,4.0,256,25,"[17, 0, 10, 4, 18, 5, 9, 1, 5, 14, 19, 13, 2, 19, 6, 19, 11, 8, 1, 12]",40.233705342001485,16,2048
333,2.0,512,25,"[17, 0, 10, 4, 18, 16, 9, 1, 5, 14, 19, 13, 2, 19, 6, 3, 11, 8, 1, 12]",40.77256653200311,16,2048
334,2.0,1024,25,"[17, 0, 10, 4, 18, 16, 9, 1, 5, 14, 19, 13, 2, 19, 6, 3, 11, 8, 1, 12]",41.47900721300175,16,2048
335,2.0,2048,25,"[17, 0, 10, 4, 18, 16, 9, 1, 5, 14, 19, 13, 2, 19, 6, 3, 11, 8, 1, 12]",41.47900721300175,16,2048
336,21.0,0,25,"[14, 14, 4, 10, 4, 15, 17, 16, 5, 11, 12, 7, 1, 6, 9, 8, 9, 18, 19, 0]",41.70468409100067,17,2048
337,20.0,2,25,"[14, 14, 4, 1, 4, 15, 17, 16, 5, 11, 12, 7, 1, 6, 9, 8, 9, 18, 19, 0]",41.70832292800333,17,2048
338,19.0,4,25,"[14, 14, 4, 1, 4, 15, 17, 5, 5, 11, 12, 7, 1, 6, 9, 8, 9, 18, 19, 0]",41.937978805002786,17,2048
339,16.0,8,25,"[14, 14, 4, 1, 4, 15, 17, 5, 5, 16, 12, 7, 15, 6, 9, 8, 9, 18, 19, 0]",42.16460560700216,17,2048
340,13.0,16,25,"[14, 14, 4, 1, 4, 11, 17, 5, 5, 16, 12, 7, 15, 6, 18, 8, 9, 18, 19, 0]",42.40193198900306,17,2048
341,10.0,32,25,"[14, 14, 4, 1, 4, 11, 17, 5, 5, 16, 12, 7, 15, 7, 18, 8, 1, 18, 19, 0]",42.649580759003584,17,2048
342,7.0,64,25,"[9, 14, 4, 8, 4, 11, 17, 5, 5, 16, 12, 3, 15, 7, 18, 8, 1, 18, 19, 0]",42.92152097000144,17,2048
343,5.0,128,25,"[9, 14, 4, 8, 4, 11, 17, 2, 5, 16, 12, 3, 15, 7, 18, 13, 1, 18, 19, 0]",43.23531647400159,17,2048
344,2.0,256,25,"[10, 14, 4, 8, 4, 11, 17, 2, 5, 16, 12, 3, 15, 7, 18, 6, 1, 13, 19, 0]",43.6289071650026,17,2048
345,0.0,512,25,"[10, 14, 0, 8, 4, 11, 17, 2, 5, 16, 12, 3, 15, 7, 18, 6, 1, 13, 19, 9]",43.99761648200001,17,2048
346,0.0,1024,25,"[10, 14, 0, 8, 4, 11, 17, 2, 5, 16, 12, 3, 15, 7, 18, 6, 1, 13, 19, 9]",43.99761648200001,17,2048
347,0.0,2048,25,"[10, 14, 0, 8, 4, 11, 17, 2, 5, 16, 12, 3, 15, 7, 18, 6, 1, 13, 19, 9]",43.99761648200001,17,2048
348,17.0,0,50,"[5, 11, 12, 8, 9, 11, 5, 15, 0, 16, 1, 12, 7, 13, 6, 18, 5, 18, 11, 10]",0.0006736630020895973,0,2048
349,17.0,2,50,"[5, 11, 12, 8, 9, 11, 5, 15, 0, 16, 1, 12, 7, 13, 6, 18, 5, 18, 11, 10]",0.0020579990014084615,0,2048
350,16.0,4,50,"[5, 11, 12, 8, 9, 11, 5, 15, 0, 16, 1, 12, 7, 13, 6, 18, 5, 0, 11, 10]",0.23493684099958045,0,2048
351,16.0,8,50,"[5, 11, 12, 8, 9, 11, 5, 15, 0, 16, 1, 12, 7, 13, 6, 18, 5, 0, 11, 10]",0.46850964600162115,0,2048
352,11.0,16,50,"[5, 11, 12, 4, 9, 11, 18, 15, 0, 16, 1, 12, 7, 13, 6, 18, 5, 0, 16, 10]",0.7060241280014452,0,2048
353,8.0,32,50,"[4, 11, 13, 4, 9, 11, 18, 15, 1, 16, 1, 12, 7, 13, 6, 18, 5, 0, 16, 10]",0.9459157419987605,0,2048
354,4.0,64,50,"[14, 11, 13, 4, 9, 11, 2, 15, 1, 16, 0, 12, 7, 13, 6, 18, 5, 19, 16, 10]",1.1971969590013032,0,2048
355,3.0,128,50,"[14, 11, 13, 4, 9, 11, 2, 15, 1, 16, 0, 12, 7, 17, 6, 18, 5, 19, 16, 10]",1.4604671500019322,0,2048
356,2.0,256,50,"[14, 11, 13, 3, 9, 11, 2, 15, 1, 16, 0, 12, 7, 17, 6, 18, 5, 19, 16, 10]",1.7640862769985688,0,2048
357,2.0,512,50,"[14, 11, 13, 3, 9, 11, 2, 15, 1, 16, 0, 12, 7, 17, 6, 18, 5, 19, 16, 10]",2.135493966001377,0,2048
358,2.0,1024,50,"[14, 11, 13, 3, 9, 11, 2, 15, 1, 16, 0, 12, 7, 17, 6, 18, 5, 19, 16, 10]",2.476141954000923,0,2048
359,2.0,2048,50,"[14, 11, 13, 3, 9, 11, 2, 15, 1, 16, 0, 12, 7, 17, 6, 18, 5, 19, 16, 10]",2.476141954000923,0,2048
360,23.0,0,50,"[2, 17, 2, 19, 3, 19, 2, 10, 8, 11, 17, 4, 14, 3, 8, 11, 3, 8, 17, 19]",2.70984991899968,1,2048
361,19.0,2,50,"[2, 17, 19, 19, 3, 19, 2, 10, 8, 11, 17, 4, 14, 3, 0, 11, 3, 8, 17, 19]",2.712377760999516,1,2048
362,19.0,4,50,"[2, 17, 19, 19, 3, 19, 2, 10, 8, 11, 17, 4, 14, 3, 0, 11, 3, 8, 17, 19]",2.9459599949987023,1,2048
363,19.0,8,50,"[2, 17, 19, 19, 3, 19, 2, 10, 8, 11, 17, 4, 14, 3, 0, 11, 3, 8, 17, 19]",3.187192915000196,1,2048
364,16.0,16,50,"[4, 2, 19, 19, 3, 19, 2, 10, 8, 11, 17, 4, 14, 3, 0, 11, 3, 8, 17, 19]",3.427325770000607,1,2048
365,14.0,32,50,"[4, 2, 19, 19, 3, 19, 2, 10, 16, 11, 17, 4, 14, 3, 0, 11, 3, 8, 17, 19]",3.670252497999172,1,2048
366,9.0,64,50,"[4, 2, 19, 19, 3, 6, 2, 10, 16, 11, 17, 4, 14, 3, 0, 9, 3, 8, 15, 19]",3.9217772859992692,1,2048
367,5.0,128,50,"[13, 5, 7, 19, 3, 6, 2, 10, 16, 11, 17, 4, 14, 3, 0, 9, 3, 8, 15, 19]",4.194713632001367,1,2048
368,5.0,256,50,"[13, 5, 7, 19, 3, 6, 2, 10, 16, 11, 17, 4, 14, 3, 0, 9, 3, 8, 15, 19]",4.506011263998516,1,2048
369,3.0,512,50,"[13, 5, 7, 1, 18, 6, 2, 10, 16, 11, 17, 4, 14, 3, 0, 9, 3, 8, 15, 19]",4.891700678999769,1,2048
370,3.0,1024,50,"[13, 5, 7, 1, 18, 6, 2, 10, 16, 11, 17, 4, 14, 3, 0, 9, 3, 8, 15, 19]",5.3505642599993735,1,2048
371,3.0,2048,50,"[13, 5, 7, 1, 18, 6, 2, 10, 16, 11, 17, 4, 14, 3, 0, 9, 3, 8, 15, 19]",5.3505642599993735,1,2048
372,20.0,0,50,"[14, 15, 13, 5, 1, 2, 14, 19, 13, 19, 11, 5, 19, 0, 15, 2, 9, 6, 7, 6]",5.592884475001483,2,2048
373,19.0,2,50,"[10, 15, 13, 5, 1, 2, 14, 19, 13, 19, 11, 5, 19, 0, 15, 2, 9, 6, 7, 6]",5.594977684999321,2,2048
374,18.0,4,50,"[10, 15, 13, 5, 1, 2, 14, 19, 13, 19, 11, 5, 19, 0, 15, 2, 9, 6, 13, 6]",5.841101537000213,2,2048
375,10.0,8,50,"[10, 15, 7, 5, 1, 3, 14, 19, 4, 19, 11, 5, 19, 0, 15, 2, 9, 6, 13, 18]",6.086364096001489,2,2048
376,9.0,16,50,"[10, 15, 7, 5, 1, 3, 14, 19, 4, 19, 11, 11, 19, 0, 15, 2, 9, 6, 13, 18]",6.337574061999476,2,2048
377,8.0,32,50,"[10, 17, 7, 5, 1, 3, 14, 19, 4, 19, 11, 11, 19, 0, 15, 2, 9, 6, 13, 18]",6.5929495970012795,2,2048
378,6.0,64,50,"[10, 17, 7, 5, 1, 3, 14, 19, 4, 18, 11, 11, 19, 0, 15, 2, 9, 6, 12, 18]",6.857142664001003,2,2048
379,5.0,128,50,"[10, 17, 7, 5, 1, 3, 14, 19, 4, 18, 11, 11, 16, 0, 15, 2, 9, 6, 12, 18]",7.140727287001937,2,2048
380,5.0,256,50,"[10, 17, 7, 5, 1, 3, 14, 19, 4, 18, 11, 11, 16, 0, 15, 2, 9, 6, 12, 18]",7.4598353399996995,2,2048
381,4.0,512,50,"[10, 17, 7, 5, 1, 3, 14, 19, 4, 18, 13, 11, 16, 0, 15, 2, 9, 6, 12, 18]",7.8629492559994105,2,2048
382,3.0,1024,50,"[10, 17, 7, 5, 1, 3, 14, 19, 4, 18, 13, 11, 16, 8, 15, 2, 9, 6, 12, 18]",8.435493917000713,2,2048
383,3.0,2048,50,"[10, 17, 7, 5, 1, 3, 14, 19, 4, 18, 13, 11, 16, 8, 15, 2, 9, 6, 12, 18]",8.736913655000535,2,2048
384,15.0,0,50,"[15, 1, 18, 15, 7, 5, 3, 2, 13, 5, 15, 5, 1, 0, 12, 9, 2, 5, 17, 1]",8.989570158999413,3,2048
385,15.0,2,50,"[15, 1, 18, 15, 7, 5, 3, 2, 13, 5, 15, 5, 1, 0, 12, 9, 2, 5, 17, 1]",8.991268076999404,3,2048
386,15.0,4,50,"[15, 1, 18, 15, 7, 5, 3, 2, 13, 5, 15, 5, 1, 0, 12, 9, 2, 5, 17, 1]",9.245282816998952,3,2048
387,15.0,8,50,"[15, 1, 18, 15, 7, 5, 3, 2, 13, 5, 15, 5, 1, 0, 12, 9, 2, 5, 17, 1]",9.50500757500049,3,2048
388,12.0,16,50,"[15, 10, 18, 15, 7, 5, 3, 14, 13, 5, 15, 5, 11, 0, 12, 9, 2, 5, 17, 1]",9.764878812999086,3,2048
389,12.0,32,50,"[15, 10, 18, 15, 7, 5, 3, 14, 13, 5, 15, 5, 11, 0, 12, 9, 2, 5, 17, 1]",10.030537409998942,3,2048
390,8.0,64,50,"[15, 10, 6, 16, 7, 5, 3, 14, 13, 5, 2, 5, 11, 0, 12, 9, 2, 5, 17, 1]",10.306233523999254,3,2048
391,6.0,128,50,"[15, 10, 6, 16, 7, 5, 3, 14, 19, 5, 2, 5, 11, 0, 12, 9, 18, 5, 17, 1]",10.603949923999608,3,2048
392,4.0,256,50,"[15, 10, 6, 16, 7, 5, 3, 14, 19, 5, 2, 5, 11, 0, 12, 9, 18, 8, 4, 1]",10.940739551999286,3,2048
393,1.0,512,50,"[15, 10, 6, 16, 7, 13, 3, 14, 19, 5, 2, 17, 11, 0, 12, 9, 18, 8, 4, 1]",11.36679278900192,3,2048
394,1.0,1024,50,"[15, 10, 6, 16, 7, 13, 3, 14, 19, 5, 2, 17, 11, 0, 12, 9, 18, 8, 4, 1]",11.859278594998614,3,2048
395,1.0,2048,50,"[15, 10, 6, 16, 7, 13, 3, 14, 19, 5, 2, 17, 11, 0, 12, 9, 18, 8, 4, 1]",11.859278594998614,3,2048
396,19.0,0,50,"[5, 18, 12, 11, 14, 14, 11, 18, 11, 0, 2, 7, 0, 17, 13, 10, 9, 6, 13, 9]",12.119827826998517,4,2048
397,19.0,2,50,"[5, 18, 12, 11, 14, 14, 11, 18, 11, 0, 2, 7, 0, 17, 13, 10, 9, 6, 13, 9]",12.121636906002095,4,2048
398,19.0,4,50,"[5, 18, 12, 11, 14, 14, 11, 18, 11, 0, 2, 7, 0, 17, 13, 10, 9, 6, 13, 9]",12.380633169999783,4,2048
399,16.0,8,50,"[5, 18, 12, 11, 14, 11, 11, 18, 0, 0, 2, 7, 0, 17, 13, 10, 0, 6, 13, 9]",12.648201215000881,4,2048
400,15.0,16,50,"[5, 18, 12, 11, 14, 11, 11, 18, 0, 0, 1, 7, 0, 17, 13, 10, 0, 6, 13, 9]",12.916857936001179,4,2048
401,11.0,32,50,"[5, 18, 11, 11, 14, 11, 11, 18, 0, 0, 1, 7, 0, 17, 13, 10, 17, 6, 4, 9]",13.191604206000193,4,2048
402,10.0,64,50,"[5, 18, 11, 11, 14, 11, 11, 14, 0, 0, 1, 7, 0, 17, 13, 10, 17, 6, 4, 9]",13.471561621001456,4,2048
403,6.0,128,50,"[3, 18, 11, 11, 14, 5, 11, 14, 0, 15, 1, 7, 0, 17, 13, 10, 17, 6, 4, 9]",13.777831562001666,4,2048
404,4.0,256,50,"[3, 18, 11, 16, 12, 5, 11, 14, 0, 15, 1, 7, 0, 17, 13, 10, 17, 6, 4, 9]",14.127340291001019,4,2048
405,3.0,512,50,"[3, 18, 11, 16, 12, 5, 8, 14, 0, 15, 1, 7, 0, 17, 13, 10, 17, 6, 4, 9]",14.57510960199943,4,2048
406,1.0,1024,50,"[3, 19, 11, 16, 12, 5, 8, 14, 0, 15, 1, 7, 0, 18, 13, 10, 17, 6, 4, 9]",15.208586905999255,4,2048
407,1.0,2048,50,"[3, 19, 11, 16, 12, 5, 8, 14, 0, 15, 1, 7, 0, 18, 13, 10, 17, 6, 4, 9]",15.803138441999181,4,2048
408,22.0,0,50,"[7, 19, 12, 9, 8, 15, 9, 14, 13, 7, 16, 7, 16, 5, 19, 19, 10, 18, 3, 9]",16.073979033000796,5,2048
409,21.0,2,50,"[7, 19, 12, 9, 8, 2, 9, 14, 13, 7, 16, 7, 16, 5, 19, 19, 10, 18, 3, 9]",16.076537634999113,5,2048
410,21.0,4,50,"[7, 19, 12, 9, 8, 2, 9, 14, 13, 7, 16, 7, 16, 5, 19, 19, 10, 18, 3, 9]",16.35139803600032,5,2048
411,19.0,8,50,"[7, 19, 12, 9, 8, 2, 9, 14, 13, 7, 16, 7, 18, 5, 19, 19, 10, 18, 17, 9]",16.626760768998793,5,2048
412,18.0,16,50,"[7, 19, 12, 9, 8, 2, 9, 14, 13, 7, 16, 7, 18, 5, 19, 19, 10, 18, 17, 6]",16.909353766001004,5,2048
413,10.0,32,50,"[0, 19, 12, 9, 8, 2, 9, 14, 13, 4, 16, 7, 10, 5, 15, 8, 10, 18, 17, 6]",17.203701639999053,5,2048
414,8.0,64,50,"[0, 19, 12, 17, 8, 2, 9, 14, 13, 4, 16, 7, 10, 5, 15, 8, 0, 18, 17, 6]",17.502935307998996,5,2048
415,8.0,128,50,"[0, 19, 12, 17, 8, 2, 9, 14, 13, 4, 16, 7, 10, 5, 15, 8, 0, 18, 17, 6]",17.820391452998592,5,2048
416,2.0,256,50,"[0, 19, 12, 5, 8, 2, 9, 14, 13, 4, 16, 7, 10, 3, 15, 8, 1, 11, 17, 6]",18.195874626999284,5,2048
417,2.0,512,50,"[0, 19, 12, 5, 8, 2, 9, 14, 13, 4, 16, 7, 10, 3, 15, 8, 1, 11, 17, 6]",18.66608253600134,5,2048
418,2.0,1024,50,"[0, 19, 12, 5, 8, 2, 9, 14, 13, 4, 16, 7, 10, 3, 15, 8, 1, 11, 17, 6]",19.123841054999502,5,2048
419,2.0,2048,50,"[0, 19, 12, 5, 8, 2, 9, 14, 13, 4, 16, 7, 10, 3, 15, 8, 1, 11, 17, 6]",19.123841054999502,5,2048
420,21.0,0,50,"[8, 0, 11, 8, 9, 0, 7, 8, 0, 6, 2, 14, 0, 7, 5, 11, 14, 4, 10, 10]",19.400652745000116,6,2048
421,21.0,2,50,"[8, 0, 11, 8, 9, 0, 7, 8, 0, 6, 2, 14, 0, 7, 5, 11, 14, 4, 10, 10]",19.402654974001052,6,2048
422,18.0,4,50,"[8, 0, 11, 8, 9, 0, 2, 8, 9, 6, 2, 14, 0, 7, 5, 11, 14, 4, 10, 10]",19.685395263000828,6,2048
423,16.0,8,50,"[8, 0, 11, 8, 9, 0, 2, 8, 9, 6, 2, 14, 12, 7, 5, 11, 14, 4, 10, 10]",19.965974550999817,6,2048
424,13.0,16,50,"[8, 17, 11, 8, 9, 0, 2, 8, 9, 6, 2, 14, 12, 7, 5, 11, 14, 4, 10, 3]",20.250627577999694,6,2048
425,9.0,32,50,"[11, 17, 11, 16, 9, 0, 2, 8, 18, 6, 2, 14, 12, 7, 5, 2, 14, 4, 10, 3]",20.54143313500026,6,2048
426,5.0,64,50,"[11, 17, 1, 16, 9, 0, 2, 8, 18, 6, 13, 14, 12, 7, 5, 2, 14, 19, 10, 3]",20.85005672799889,6,2048
427,4.0,128,50,"[11, 17, 1, 16, 9, 0, 15, 8, 18, 6, 13, 14, 12, 7, 5, 2, 14, 19, 10, 3]",21.17952989100013,6,2048
428,4.0,256,50,"[11, 17, 1, 16, 9, 0, 15, 8, 18, 6, 13, 14, 12, 7, 5, 2, 14, 19, 10, 3]",21.561182374000055,6,2048
429,3.0,512,50,"[11, 17, 1, 16, 9, 0, 15, 8, 18, 6, 13, 18, 12, 7, 5, 2, 14, 19, 10, 3]",22.048616955999023,6,2048
430,3.0,1024,50,"[11, 17, 1, 16, 9, 0, 15, 8, 18, 6, 13, 18, 12, 7, 5, 2, 14, 19, 10, 3]",22.68615881900041,6,2048
431,3.0,2048,50,"[11, 17, 1, 16, 9, 0, 15, 8, 18, 6, 13, 18, 12, 7, 5, 2, 14, 19, 10, 3]",22.68615881900041,6,2048
432,19.0,0,50,"[18, 7, 14, 2, 11, 14, 2, 4, 17, 1, 5, 7, 17, 3, 10, 8, 6, 5, 4, 1]",22.970352534000995,7,2048
433,19.0,2,50,"[18, 7, 14, 2, 11, 14, 2, 4, 17, 1, 5, 7, 17, 3, 10, 8, 6, 5, 4, 1]",22.972466334002092,7,2048
434,17.0,4,50,"[18, 7, 14, 2, 11, 19, 2, 4, 17, 1, 5, 7, 15, 3, 10, 8, 6, 5, 4, 1]",23.26287476899961,7,2048
435,16.0,8,50,"[18, 7, 14, 2, 11, 19, 2, 4, 17, 1, 5, 7, 15, 17, 10, 8, 6, 5, 4, 1]",23.55297990300096,7,2048
436,12.0,16,50,"[18, 7, 14, 2, 11, 19, 2, 4, 17, 1, 5, 2, 15, 17, 10, 8, 6, 6, 4, 1]",23.84867717399902,7,2048
437,10.0,32,50,"[18, 7, 14, 2, 11, 19, 11, 12, 17, 1, 5, 2, 15, 17, 10, 8, 6, 6, 4, 1]",24.14367349099848,7,2048
438,7.0,64,50,"[18, 7, 14, 2, 11, 19, 0, 12, 17, 1, 5, 2, 15, 17, 10, 8, 6, 18, 4, 1]",24.46088794499883,7,2048
439,6.0,128,50,"[18, 7, 14, 2, 11, 19, 0, 12, 17, 1, 5, 2, 15, 17, 10, 8, 16, 18, 4, 1]",24.800617457000044,7,2048
440,4.0,256,50,"[18, 7, 14, 2, 11, 19, 0, 12, 17, 1, 5, 2, 15, 17, 3, 8, 16, 18, 4, 9]",25.19559219399889,7,2048
441,3.0,512,50,"[18, 7, 14, 2, 11, 19, 0, 12, 6, 1, 5, 2, 15, 17, 3, 8, 16, 18, 4, 9]",25.708751950001897,7,2048
442,3.0,1024,50,"[18, 7, 14, 2, 11, 19, 0, 12, 6, 1, 5, 2, 15, 17, 3, 8, 16, 18, 4, 9]",26.343253687999095,7,2048
443,3.0,2048,50,"[18, 7, 14, 2, 11, 19, 0, 12, 6, 1, 5, 2, 15, 17, 3, 8, 16, 18, 4, 9]",26.343253687999095,7,2048
444,22.0,0,50,"[12, 4, 5, 4, 17, 3, 17, 3, 2, 9, 11, 0, 6, 15, 6, 14, 14, 0, 3, 2]",26.6402985349996,8,2048
445,21.0,2,50,"[12, 4, 10, 4, 17, 3, 17, 3, 2, 9, 11, 0, 6, 15, 6, 14, 14, 0, 3, 2]",26.643022418000328,8,2048
446,20.0,4,50,"[12, 4, 10, 4, 17, 3, 17, 3, 2, 18, 11, 0, 6, 15, 6, 14, 14, 0, 3, 2]",26.938251616000343,8,2048
447,16.0,8,50,"[12, 4, 10, 4, 17, 3, 17, 3, 2, 18, 9, 0, 6, 15, 6, 14, 14, 0, 3, 4]",27.237840696001513,8,2048
448,13.0,16,50,"[12, 4, 10, 4, 17, 3, 17, 3, 2, 18, 9, 0, 6, 15, 6, 14, 14, 0, 3, 16]",27.536806132000493,8,2048
449,10.0,32,50,"[12, 4, 10, 4, 9, 3, 17, 3, 2, 18, 9, 0, 2, 15, 6, 11, 14, 0, 3, 16]",27.8467503009997,8,2048
450,8.0,64,50,"[12, 4, 10, 4, 9, 3, 17, 17, 2, 18, 9, 0, 2, 15, 6, 11, 14, 0, 3, 16]",28.17239689499911,8,2048
451,6.0,128,50,"[12, 4, 10, 4, 9, 3, 17, 17, 2, 18, 9, 0, 2, 15, 6, 11, 14, 5, 13, 16]",28.525227860001905,8,2048
452,5.0,256,50,"[12, 4, 10, 4, 9, 3, 17, 17, 8, 18, 9, 0, 2, 15, 6, 11, 14, 5, 13, 16]",28.937108658999932,8,2048
453,2.0,512,50,"[12, 4, 10, 7, 9, 3, 19, 17, 8, 18, 9, 0, 2, 15, 6, 11, 1, 5, 13, 16]",29.463963700000022,8,2048
454,2.0,1024,50,"[12, 4, 10, 7, 9, 3, 19, 17, 8, 18, 9, 0, 2, 15, 6, 11, 1, 5, 13, 16]",30.09821356700195,8,2048
455,2.0,2048,50,"[12, 4, 10, 7, 9, 3, 19, 17, 8, 18, 9, 0, 2, 15, 6, 11, 1, 5, 13, 16]",30.09821356700195,8,2048
456,19.0,0,50,"[3, 11, 9, 0, 2, 5, 1, 19, 19, 2, 5, 11, 7, 3, 15, 15, 13, 4, 19, 18]",30.401942206000967,9,2048
457,19.0,2,50,"[3, 11, 9, 0, 2, 5, 1, 19, 19, 2, 5, 11, 7, 3, 15, 15, 13, 4, 19, 18]",30.404224357000203,9,2048
458,18.0,4,50,"[3, 11, 9, 0, 2, 5, 1, 19, 19, 2, 2, 11, 7, 3, 15, 15, 13, 4, 19, 18]",30.710897889999615,9,2048
459,15.0,8,50,"[6, 11, 9, 0, 2, 5, 1, 19, 19, 2, 2, 11, 7, 3, 15, 19, 13, 4, 19, 18]",31.018193956999312,9,2048
460,15.0,16,50,"[6, 11, 9, 0, 2, 5, 1, 19, 19, 2, 2, 11, 7, 3, 15, 19, 13, 4, 19, 18]",31.32976528400104,9,2048
461,10.0,32,50,"[6, 11, 9, 0, 2, 5, 1, 19, 19, 11, 15, 11, 7, 3, 17, 19, 13, 4, 19, 18]",31.650416724001843,9,2048
462,9.0,64,50,"[6, 11, 9, 0, 2, 5, 1, 19, 19, 11, 15, 11, 7, 3, 17, 19, 8, 4, 19, 18]",31.982689669999672,9,2048
463,6.0,128,50,"[14, 11, 9, 0, 2, 5, 1, 19, 19, 11, 15, 17, 7, 3, 17, 19, 8, 4, 14, 18]",32.35125503100062,9,2048
464,5.0,256,50,"[13, 11, 9, 0, 2, 5, 1, 19, 19, 11, 15, 17, 7, 3, 17, 19, 8, 4, 14, 18]",32.77366430999973,9,2048
465,3.0,512,50,"[13, 16, 9, 0, 2, 5, 1, 19, 19, 11, 15, 17, 6, 3, 17, 19, 8, 4, 14, 18]",33.31516121200184,9,2048
466,2.0,1024,50,"[13, 16, 9, 0, 2, 5, 1, 19, 19, 11, 15, 12, 6, 3, 17, 19, 8, 4, 14, 18]",34.10989408000023,9,2048
467,2.0,2048,50,"[13, 16, 9, 0, 2, 5, 1, 19, 19, 11, 15, 12, 6, 3, 17, 19, 8, 4, 14, 18]",34.50507658800052,9,2048
468,19.0,0,50,"[11, 8, 5, 6, 9, 16, 13, 1, 0, 0, 14, 3, 10, 4, 7, 10, 10, 6, 11, 14]",34.81624285300131,10,2048
469,19.0,2,50,"[11, 8, 5, 6, 9, 16, 13, 1, 0, 0, 14, 3, 10, 4, 7, 10, 10, 6, 11, 14]",34.81873776499924,10,2048
470,17.0,4,50,"[11, 8, 5, 6, 9, 16, 13, 1, 12, 0, 14, 3, 10, 4, 7, 10, 10, 6, 11, 14]",35.134869534002064,10,2048
471,14.0,8,50,"[11, 3, 5, 6, 9, 16, 13, 1, 12, 0, 14, 3, 10, 4, 7, 0, 10, 6, 11, 14]",35.452625140002056,10,2048
472,12.0,16,50,"[12, 3, 5, 6, 9, 16, 13, 1, 12, 0, 15, 3, 10, 4, 7, 0, 10, 6, 11, 14]",35.7675764830019,10,2048
473,11.0,32,50,"[12, 3, 5, 6, 9, 16, 13, 1, 12, 2, 15, 3, 10, 4, 7, 0, 10, 6, 11, 14]",36.09328959800041,10,2048
474,8.0,64,50,"[12, 3, 5, 6, 9, 16, 13, 1, 12, 2, 15, 3, 10, 4, 10, 0, 17, 6, 11, 14]",36.460938214000635,10,2048
475,6.0,128,50,"[12, 3, 5, 13, 9, 16, 13, 1, 12, 2, 18, 3, 10, 4, 10, 0, 17, 6, 11, 14]",36.830686671000876,10,2048
476,5.0,256,50,"[12, 3, 5, 13, 9, 16, 13, 1, 12, 2, 18, 3, 10, 4, 10, 0, 15, 6, 11, 14]",37.26079564700194,10,2048
477,3.0,512,50,"[12, 17, 5, 13, 9, 16, 13, 1, 12, 2, 18, 3, 10, 4, 10, 0, 15, 6, 19, 14]",37.82262344600167,10,2048
478,3.0,1024,50,"[12, 17, 5, 13, 9, 16, 13, 1, 12, 2, 18, 3, 10, 4, 10, 0, 15, 6, 19, 14]",38.508465320999676,10,2048
479,3.0,2048,50,"[12, 17, 5, 13, 9, 16, 13, 1, 12, 2, 18, 3, 10, 4, 10, 0, 15, 6, 19, 14]",38.508465320999676,10,2048
480,18.0,0,50,"[15, 3, 16, 8, 13, 3, 8, 14, 3, 14, 19, 14, 8, 10, 12, 2, 10, 16, 19, 3]",38.82913825099968,11,2048
481,18.0,2,50,"[15, 3, 16, 8, 13, 3, 8, 14, 3, 14, 19, 14, 8, 10, 12, 2, 10, 16, 19, 3]",38.83160475299883,11,2048
482,18.0,4,50,"[15, 3, 16, 8, 13, 3, 8, 14, 3, 14, 19, 14, 8, 10, 12, 2, 10, 16, 19, 3]",39.15127606900205,11,2048
483,15.0,8,50,"[15, 3, 16, 5, 13, 3, 18, 14, 3, 14, 19, 14, 8, 10, 12, 2, 10, 16, 19, 3]",39.479210284000146,11,2048
484,15.0,16,50,"[15, 3, 16, 5, 13, 3, 18, 14, 3, 14, 19, 14, 8, 10, 12, 2, 10, 16, 19, 3]",39.805915273998835,11,2048
485,11.0,32,50,"[15, 9, 16, 5, 12, 3, 18, 14, 3, 14, 17, 14, 8, 10, 4, 2, 10, 16, 19, 3]",40.149147953001375,11,2048
486,8.0,64,50,"[15, 9, 19, 5, 12, 3, 18, 7, 3, 14, 17, 14, 8, 10, 4, 2, 10, 16, 19, 3]",40.501841927001806,11,2048
487,3.0,128,50,"[15, 9, 11, 5, 1, 11, 18, 7, 3, 0, 17, 14, 8, 17, 4, 2, 10, 16, 19, 3]",40.889439778999076,11,2048
488,3.0,256,50,"[15, 9, 11, 5, 1, 11, 18, 7, 3, 0, 17, 14, 8, 17, 4, 2, 10, 16, 19, 3]",41.343582231002074,11,2048
489,1.0,512,50,"[15, 9, 11, 5, 1, 11, 18, 7, 13, 0, 17, 14, 8, 6, 4, 2, 10, 16, 19, 3]",41.930162679000205,11,2048
490,1.0,1024,50,"[15, 9, 11, 5, 1, 11, 18, 7, 13, 0, 17, 14, 8, 6, 4, 2, 10, 16, 19, 3]",42.64497402300185,11,2048
491,1.0,2048,50,"[15, 9, 11, 5, 1, 11, 18, 7, 13, 0, 17, 14, 8, 6, 4, 2, 10, 16, 19, 3]",42.64497402300185,11,2048
492,19.0,0,50,"[13, 0, 4, 4, 12, 18, 4, 3, 1, 2, 5, 15, 7, 1, 1, 11, 7, 13, 17, 11]",42.975464400999044,12,2048
493,17.0,2,50,"[13, 0, 4, 4, 12, 18, 4, 3, 1, 2, 5, 15, 7, 1, 1, 4, 7, 13, 17, 11]",42.978686575999745,12,2048
494,16.0,4,50,"[13, 0, 19, 4, 12, 18, 4, 3, 1, 2, 5, 15, 7, 1, 1, 4, 7, 13, 17, 11]",43.310360319999745,12,2048
495,13.0,8,50,"[13, 0, 19, 4, 12, 18, 4, 3, 1, 2, 16, 15, 7, 1, 1, 4, 7, 19, 17, 11]",43.63989540300099,12,2048
496,10.0,16,50,"[13, 0, 19, 4, 12, 18, 4, 3, 8, 2, 16, 15, 6, 1, 1, 4, 7, 19, 17, 11]",43.97390629700021,12,2048
497,7.0,32,50,"[13, 0, 19, 4, 12, 17, 3, 3, 8, 2, 16, 14, 6, 1, 1, 4, 7, 19, 17, 11]",44.32013168100093,12,2048
498,4.0,64,50,"[13, 0, 19, 4, 12, 17, 3, 3, 8, 2, 16, 14, 6, 18, 1, 5, 7, 15, 17, 11]",44.68245445100183,12,2048
499,4.0,128,50,"[13, 0, 19, 4, 12, 17, 3, 3, 8, 2, 16, 14, 6, 18, 1, 5, 7, 15, 17, 11]",45.08043460300178,12,2048
500,3.0,256,50,"[13, 0, 19, 4, 12, 17, 3, 3, 8, 2, 16, 14, 6, 18, 1, 5, 7, 15, 1, 11]",45.54234325200014,12,2048
501,3.0,512,50,"[13, 0, 19, 4, 12, 17, 3, 3, 8, 2, 16, 14, 6, 18, 1, 5, 7, 15, 1, 11]",46.15624953400038,12,2048
502,3.0,1024,50,"[13, 0, 19, 4, 12, 17, 3, 3, 8, 2, 16, 14, 6, 18, 1, 5, 7, 15, 1, 11]",46.62217327699909,12,2048
503,3.0,2048,50,"[13, 0, 19, 4, 12, 17, 3, 3, 8, 2, 16, 14, 6, 18, 1, 5, 7, 15, 1, 11]",46.62217327699909,12,2048
504,20.0,0,50,"[3, 10, 0, 15, 7, 5, 19, 12, 9, 9, 7, 10, 2, 1, 5, 3, 14, 10, 19, 3]",46.95311046400093,13,2048
505,18.0,2,50,"[3, 10, 0, 15, 7, 5, 19, 12, 9, 9, 18, 10, 2, 1, 5, 3, 14, 10, 19, 3]",46.95614854900123,13,2048
506,18.0,4,50,"[3, 10, 0, 15, 7, 5, 19, 12, 9, 9, 18, 10, 2, 1, 5, 3, 14, 10, 19, 3]",47.29175851900072,13,2048
507,15.0,8,50,"[3, 11, 0, 15, 7, 5, 19, 12, 9, 9, 18, 10, 2, 1, 10, 3, 14, 10, 19, 3]",47.63299357800133,13,2048
508,14.0,16,50,"[3, 11, 0, 15, 7, 5, 19, 12, 9, 9, 18, 10, 2, 1, 10, 3, 14, 6, 19, 3]",47.975497723000444,13,2048
509,12.0,32,50,"[16, 11, 0, 15, 7, 5, 19, 12, 9, 9, 18, 10, 2, 1, 10, 3, 14, 6, 19, 3]",48.32817184799933,13,2048
510,9.0,64,50,"[16, 11, 13, 15, 7, 5, 19, 12, 9, 9, 18, 10, 2, 1, 10, 10, 14, 6, 19, 3]",48.698527943000954,13,2048
511,6.0,128,50,"[16, 11, 13, 15, 7, 5, 0, 12, 0, 9, 18, 10, 2, 1, 10, 12, 14, 6, 19, 3]",49.108500714999536,13,2048
512,4.0,256,50,"[16, 11, 13, 15, 7, 5, 0, 12, 0, 4, 18, 10, 2, 1, 10, 12, 14, 6, 19, 3]",49.58519363199957,13,2048
513,3.0,512,50,"[16, 11, 13, 15, 7, 5, 0, 12, 0, 4, 18, 10, 2, 1, 10, 17, 14, 6, 19, 3]",50.20554825799991,13,2048
514,3.0,1024,50,"[16, 11, 13, 15, 7, 5, 0, 12, 0, 4, 18, 10, 2, 1, 10, 17, 14, 6, 19, 3]",50.8267658879995,13,2048
515,3.0,2048,50,"[16, 11, 13, 15, 7, 5, 0, 12, 0, 4, 18, 10, 2, 1, 10, 17, 14, 6, 19, 3]",50.8267658879995,13,2048
516,29.0,0,50,"[12, 17, 13, 12, 14, 4, 13, 3, 10, 9, 16, 5, 6, 13, 12, 14, 14, 19, 16, 0]",51.15655055900061,14,2048
517,24.0,2,50,"[12, 17, 13, 0, 13, 4, 13, 3, 10, 9, 16, 5, 6, 13, 12, 14, 14, 19, 16, 0]",51.16028066800209,14,2048
518,24.0,4,50,"[12, 17, 13, 0, 13, 4, 13, 3, 10, 9, 16, 5, 6, 13, 12, 14, 14, 19, 16, 0]",51.50210187899938,14,2048
519,19.0,8,50,"[12, 17, 13, 0, 13, 4, 13, 3, 15, 9, 16, 5, 6, 13, 12, 14, 14, 19, 19, 0]",51.84592682099901,14,2048
520,16.0,16,50,"[12, 4, 13, 0, 13, 4, 13, 3, 15, 9, 16, 5, 6, 13, 12, 7, 14, 19, 19, 11]",52.19520093000028,14,2048
521,15.0,32,50,"[12, 4, 13, 0, 13, 4, 13, 3, 15, 9, 14, 5, 6, 13, 12, 7, 14, 19, 19, 11]",52.55524542200146,14,2048
522,8.0,64,50,"[12, 4, 13, 0, 13, 4, 13, 3, 15, 9, 14, 17, 6, 1, 12, 5, 9, 19, 19, 11]",52.930214399999386,14,2048
523,7.0,128,50,"[12, 4, 13, 0, 13, 4, 13, 3, 15, 7, 14, 17, 6, 1, 12, 5, 9, 19, 19, 11]",53.343343937998725,14,2048
524,6.0,256,50,"[12, 4, 13, 0, 13, 4, 13, 3, 15, 7, 14, 17, 6, 1, 18, 5, 9, 19, 19, 11]",53.81833903599909,14,2048
525,3.0,512,50,"[12, 4, 2, 0, 13, 4, 16, 3, 15, 7, 14, 17, 6, 1, 18, 5, 9, 19, 19, 11]",54.45142947600107,14,2048
526,2.0,1024,50,"[12, 4, 2, 0, 13, 10, 16, 3, 15, 7, 14, 17, 6, 1, 18, 5, 9, 19, 19, 11]",55.38326696199874,14,2048
527,2.0,2048,50,"[12, 4, 2, 0, 13, 10, 16, 3, 15, 7, 14, 17, 6, 1, 18, 5, 9, 19, 19, 11]",55.85086513300121,14,2048
528,14.0,0,50,"[15, 13, 7, 10, 6, 0, 4, 0, 17, 10, 17, 10, 1, 11, 6, 19, 1, 13, 3, 10]",56.19464709400199,15,2048
529,14.0,2,50,"[15, 13, 7, 10, 6, 0, 4, 0, 17, 10, 17, 10, 1, 11, 6, 19, 1, 13, 3, 10]",56.19760310900165,15,2048
530,14.0,4,50,"[15, 13, 7, 10, 6, 0, 4, 0, 17, 10, 17, 10, 1, 11, 6, 19, 1, 13, 3, 10]",56.546809177001705,15,2048
531,13.0,8,50,"[15, 13, 7, 10, 6, 0, 4, 0, 17, 10, 17, 10, 1, 11, 6, 19, 1, 5, 3, 10]",56.90422183700139,15,2048
532,12.0,16,50,"[15, 13, 7, 10, 6, 0, 4, 0, 18, 10, 17, 10, 1, 11, 6, 19, 1, 5, 3, 10]",57.258678901001986,15,2048
533,7.0,32,50,"[15, 13, 7, 10, 6, 0, 4, 0, 17, 9, 6, 10, 18, 11, 6, 19, 1, 5, 8, 10]",57.62345376799931,15,2048
534,7.0,64,50,"[15, 13, 7, 10, 6, 0, 4, 0, 17, 9, 6, 10, 18, 11, 6, 19, 1, 5, 8, 10]",58.00415802399948,15,2048
535,6.0,128,50,"[15, 13, 7, 10, 6, 0, 3, 0, 17, 9, 6, 10, 18, 11, 6, 19, 1, 5, 8, 10]",58.43112801100142,15,2048
536,4.0,256,50,"[15, 13, 7, 10, 6, 16, 3, 0, 17, 9, 6, 12, 18, 11, 6, 19, 1, 5, 8, 10]",58.942248141000164,15,2048
537,3.0,512,50,"[15, 13, 7, 2, 6, 16, 3, 0, 17, 9, 6, 12, 18, 11, 6, 19, 1, 5, 8, 10]",59.59597938400111,15,2048
538,3.0,1024,50,"[15, 13, 7, 2, 6, 16, 3, 0, 17, 9, 6, 12, 18, 11, 6, 19, 1, 5, 8, 10]",60.38583092800036,15,2048
539,3.0,2048,50,"[15, 13, 7, 2, 6, 16, 3, 0, 17, 9, 6, 12, 18, 11, 6, 19, 1, 5, 8, 10]",60.38583092800036,15,2048
540,19.0,0,50,"[15, 14, 8, 4, 14, 2, 11, 15, 5, 14, 19, 15, 2, 19, 18, 19, 11, 8, 18, 12]",60.74347702900195,16,2048
541,19.0,2,50,"[15, 14, 8, 4, 14, 2, 11, 15, 5, 14, 19, 15, 2, 19, 18, 19, 11, 8, 18, 12]",60.746506554001826,16,2048
542,17.0,4,50,"[15, 0, 8, 4, 14, 2, 11, 15, 5, 14, 19, 15, 2, 19, 18, 19, 11, 8, 18, 12]",61.103719063001336,16,2048
543,17.0,8,50,"[15, 0, 8, 4, 14, 2, 11, 15, 5, 14, 19, 15, 2, 19, 18, 19, 11, 8, 18, 12]",61.462199656998564,16,2048
544,12.0,16,50,"[15, 0, 10, 4, 14, 2, 11, 15, 5, 14, 19, 15, 2, 19, 16, 19, 11, 8, 18, 12]",61.82639270100117,16,2048
545,11.0,32,50,"[15, 0, 10, 4, 14, 5, 11, 15, 5, 14, 19, 15, 2, 19, 16, 19, 11, 8, 18, 12]",62.20086244599952,16,2048
546,8.0,64,50,"[15, 0, 10, 4, 14, 5, 9, 15, 5, 14, 19, 13, 2, 19, 16, 19, 11, 8, 1, 12]",62.596692596998764,16,2048
547,6.0,128,50,"[15, 0, 10, 4, 14, 5, 9, 1, 5, 14, 19, 13, 2, 19, 6, 19, 11, 8, 1, 12]",63.03166476499973,16,2048
548,4.0,256,50,"[17, 0, 10, 4, 18, 5, 9, 1, 5, 14, 19, 13, 2, 19, 6, 19, 11, 8, 1, 12]",63.54329009700086,16,2048
549,2.0,512,50,"[17, 0, 10, 4, 18, 16, 9, 1, 5, 14, 19, 13, 2, 19, 6, 3, 11, 8, 1, 12]",64.22409319600047,16,2048
550,2.0,1024,50,"[17, 0, 10, 4, 18, 16, 9, 1, 5, 14, 19, 13, 2, 19, 6, 3, 11, 8, 1, 12]",65.05954126800134,16,2048
551,2.0,2048,50,"[17, 0, 10, 4, 18, 16, 9, 1, 5, 14, 19, 13, 2, 19, 6, 3, 11, 8, 1, 12]",65.05954126800134,16,2048
552,21.0,0,50,"[14, 14, 4, 10, 4, 15, 17, 16, 5, 11, 12, 7, 1, 6, 9, 8, 9, 18, 19, 0]",65.42084460700062,17,2048
553,20.0,2,50,"[14, 14, 4, 1, 4, 15, 17, 16, 5, 11, 12, 7, 1, 6, 9, 8, 9, 18, 19, 0]",65.42453604600087,17,2048
554,19.0,4,50,"[14, 14, 4, 1, 4, 15, 17, 5, 5, 11, 12, 7, 1, 6, 9, 8, 9, 18, 19, 0]",65.78422273700198,17,2048
555,16.0,8,50,"[14, 14, 4, 1, 4, 15, 17, 5, 5, 16, 12, 7, 15, 6, 9, 8, 9, 18, 19, 0]",66.15103128299961,17,2048
556,13.0,16,50,"[14, 14, 4, 1, 4, 11, 17, 5, 5, 16, 12, 7, 15, 6, 18, 8, 9, 18, 19, 0]",66.52531414700206,17,2048
557,10.0,32,50,"[14, 14, 4, 1, 4, 11, 17, 5, 5, 16, 12, 7, 15, 7, 18, 8, 1, 18, 19, 0]",66.90636482500122,17,2048
558,7.0,64,50,"[9, 14, 4, 8, 4, 11, 17, 5, 5, 16, 12, 3, 15, 7, 18, 8, 1, 18, 19, 0]",67.30476565000208,17,2048
559,5.0,128,50,"[9, 14, 4, 8, 4, 11, 17, 2, 5, 16, 12, 3, 15, 7, 18, 13, 1, 18, 19, 0]",67.74589862799985,17,2048
560,2.0,256,50,"[10, 14, 4, 8, 4, 11, 17, 2, 5, 16, 12, 3, 15, 7, 18, 6, 1, 13, 19, 0]",68.26641915399887,17,2048
561,0.0,512,50,"[10, 14, 0, 8, 4, 11, 17, 2, 5, 16, 12, 3, 15, 7, 18, 6, 1, 13, 19, 9]",68.76580808500148,17,2048
562,0.0,1024,50,"[10, 14, 0, 8, 4, 11, 17, 2, 5, 16, 12, 3, 15, 7, 18, 6, 1, 13, 19, 9]",68.76580808500148,17,2048
563,0.0,2048,50,"[10, 14, 0, 8, 4, 11, 17, 2, 5, 16, 12, 3, 15, 7, 18, 6, 1, 13, 19, 9]",68.76580808500148,17,2048
564,17.0,0,100,"[5, 11, 12, 8, 9, 11, 5, 15, 0, 16, 1, 12, 7, 13, 6, 18, 5, 18, 11, 10]",0.0006591629971808288,0,2048
565,17.0,2,100,"[5, 11, 12, 8, 9, 11, 5, 15, 0, 16, 1, 12, 7, 13, 6, 18, 5, 18, 11, 10]",0.0021757109971076716,0,2048
566,16.0,4,100,"[5, 11, 12, 8, 9, 11, 5, 15, 0, 16, 1, 12, 7, 13, 6, 18, 5, 0, 11, 10]",0.36995064199800254,0,2048
567,16.0,8,100,"[5, 11, 12, 8, 9, 11, 5, 15, 0, 16, 1, 12, 7, 13, 6, 18, 5, 0, 11, 10]",0.7406256680005754,0,2048
568,11.0,16,100,"[5, 11, 12, 4, 9, 11, 18, 15, 0, 16, 1, 12, 7, 13, 6, 18, 5, 0, 16, 10]",1.1068063419988903,0,2048
569,8.0,32,100,"[4, 11, 13, 4, 9, 11, 18, 15, 1, 16, 1, 12, 7, 13, 6, 18, 5, 0, 16, 10]",1.4817542589989898,0,2048
570,4.0,64,100,"[14, 11, 13, 4, 9, 11, 2, 15, 1, 16, 0, 12, 7, 13, 6, 18, 5, 19, 16, 10]",1.8613773299985041,0,2048
571,3.0,128,100,"[14, 11, 13, 4, 9, 11, 2, 15, 1, 16, 0, 12, 7, 17, 6, 18, 5, 19, 16, 10]",2.257849264999095,0,2048
572,2.0,256,100,"[14, 11, 13, 3, 9, 11, 2, 15, 1, 16, 0, 12, 7, 17, 6, 18, 5, 19, 16, 10]",2.6875463359974674,0,2048
573,2.0,512,100,"[14, 11, 13, 3, 9, 11, 2, 15, 1, 16, 0, 12, 7, 17, 6, 18, 5, 19, 16, 10]",3.191152117000456,0,2048
574,2.0,1024,100,"[14, 11, 13, 3, 9, 11, 2, 15, 1, 16, 0, 12, 7, 17, 6, 18, 5, 19, 16, 10]",3.6718318139974144,0,2048
575,2.0,2048,100,"[14, 11, 13, 3, 9, 11, 2, 15, 1, 16, 0, 12, 7, 17, 6, 18, 5, 19, 16, 10]",3.6718318139974144,0,2048
576,23.0,0,100,"[2, 17, 2, 19, 3, 19, 2, 10, 8, 11, 17, 4, 14, 3, 8, 11, 3, 8, 17, 19]",4.04551381499914,1,2048
577,19.0,2,100,"[2, 17, 19, 19, 3, 19, 2, 10, 8, 11, 17, 4, 14, 3, 0, 11, 3, 8, 17, 19]",4.048005076998379,1,2048
578,19.0,4,100,"[2, 17, 19, 19, 3, 19, 2, 10, 8, 11, 17, 4, 14, 3, 0, 11, 3, 8, 17, 19]",4.4121359509990725,1,2048
579,19.0,8,100,"[2, 17, 19, 19, 3, 19, 2, 10, 8, 11, 17, 4, 14, 3, 0, 11, 3, 8, 17, 19]",4.787351578997914,1,2048
580,16.0,16,100,"[4, 2, 19, 19, 3, 19, 2, 10, 8, 11, 17, 4, 14, 3, 0, 11, 3, 8, 17, 19]",5.159131280997826,1,2048
581,14.0,32,100,"[4, 2, 19, 19, 3, 19, 2, 10, 16, 11, 17, 4, 14, 3, 0, 11, 3, 8, 17, 19]",5.540462889999617,1,2048
582,9.0,64,100,"[4, 2, 19, 19, 3, 6, 2, 10, 16, 11, 17, 4, 14, 3, 0, 9, 3, 8, 15, 19]",5.924103450997791,1,2048
583,5.0,128,100,"[13, 5, 7, 19, 3, 6, 2, 10, 16, 11, 17, 4, 14, 3, 0, 9, 3, 8, 15, 19]",6.3346479359970544,1,2048
584,5.0,256,100,"[13, 5, 7, 19, 3, 6, 2, 10, 16, 11, 17, 4, 14, 3, 0, 9, 3, 8, 15, 19]",6.788095935997262,1,2048
585,3.0,512,100,"[13, 5, 7, 1, 18, 6, 2, 10, 16, 11, 17, 4, 14, 3, 0, 9, 3, 8, 15, 19]",7.309107285000209,1,2048
586,3.0,1024,100,"[13, 5, 7, 1, 18, 6, 2, 10, 16, 11, 17, 4, 14, 3, 0, 9, 3, 8, 15, 19]",7.906226914998115,1,2048
587,3.0,2048,100,"[13, 5, 7, 1, 18, 6, 2, 10, 16, 11, 17, 4, 14, 3, 0, 9, 3, 8, 15, 19]",7.906226914998115,1,2048
588,20.0,0,100,"[14, 15, 13, 5, 1, 2, 14, 19, 13, 19, 11, 5, 19, 0, 15, 2, 9, 6, 7, 6]",8.27724612199745,2,2048
589,19.0,2,100,"[10, 15, 13, 5, 1, 2, 14, 19, 13, 19, 11, 5, 19, 0, 15, 2, 9, 6, 7, 6]",8.279353212998103,2,2048
590,18.0,4,100,"[10, 15, 13, 5, 1, 2, 14, 19, 13, 19, 11, 5, 19, 0, 15, 2, 9, 6, 13, 6]",8.65261061199999,2,2048
591,10.0,8,100,"[10, 15, 7, 5, 1, 3, 14, 19, 4, 19, 11, 5, 19, 0, 15, 2, 9, 6, 13, 18]",9.03712308700051,2,2048
592,9.0,16,100,"[10, 15, 7, 5, 1, 3, 14, 19, 4, 19, 11, 11, 19, 0, 15, 2, 9, 6, 13, 18]",9.41743922099704,2,2048
593,8.0,32,100,"[10, 17, 7, 5, 1, 3, 14, 19, 4, 19, 11, 11, 19, 0, 15, 2, 9, 6, 13, 18]",9.806953530998726,2,2048
594,6.0,64,100,"[10, 17, 7, 5, 1, 3, 14, 19, 4, 18, 11, 11, 19, 0, 15, 2, 9, 6, 12, 18]",10.200935583998216,2,2048
595,5.0,128,100,"[10, 17, 7, 5, 1, 3, 14, 19, 4, 18, 11, 11, 16, 0, 15, 2, 9, 6, 12, 18]",10.617571519997,2,2048
596,5.0,256,100,"[10, 17, 7, 5, 1, 3, 14, 19, 4, 18, 11, 11, 16, 0, 15, 2, 9, 6, 12, 18]",11.07426724600009,2,2048
597,4.0,512,100,"[10, 17, 7, 5, 1, 3, 14, 19, 4, 18, 13, 11, 16, 0, 15, 2, 9, 6, 12, 18]",11.620162398998218,2,2048
598,3.0,1024,100,"[10, 17, 7, 5, 1, 3, 14, 19, 4, 18, 13, 11, 16, 8, 15, 2, 9, 6, 12, 18]",12.328460405999067,2,2048
599,3.0,2048,100,"[10, 17, 7, 5, 1, 3, 14, 19, 4, 18, 13, 11, 16, 8, 15, 2, 9, 6, 12, 18]",12.771973915998387,2,2048
600,15.0,0,100,"[15, 1, 18, 15, 7, 5, 3, 2, 13, 5, 15, 5, 1, 0, 12, 9, 2, 5, 17, 1]",13.156211749999784,3,2048
601,15.0,2,100,"[15, 1, 18, 15, 7, 5, 3, 2, 13, 5, 15, 5, 1, 0, 12, 9, 2, 5, 17, 1]",13.157872148000024,3,2048
602,15.0,4,100,"[15, 1, 18, 15, 7, 5, 3, 2, 13, 5, 15, 5, 1, 0, 12, 9, 2, 5, 17, 1]",13.549475378997158,3,2048
603,15.0,8,100,"[15, 1, 18, 15, 7, 5, 3, 2, 13, 5, 15, 5, 1, 0, 12, 9, 2, 5, 17, 1]",13.940012123999622,3,2048
604,12.0,16,100,"[15, 10, 18, 15, 7, 5, 3, 14, 13, 5, 15, 5, 11, 0, 12, 9, 2, 5, 17, 1]",14.339622644998599,3,2048
605,12.0,32,100,"[15, 10, 18, 15, 7, 5, 3, 14, 13, 5, 15, 5, 11, 0, 12, 9, 2, 5, 17, 1]",14.739125124997372,3,2048
606,8.0,64,100,"[15, 10, 6, 16, 7, 5, 3, 14, 13, 5, 2, 5, 11, 0, 12, 9, 2, 5, 17, 1]",15.15410710300057,3,2048
607,6.0,128,100,"[15, 10, 6, 16, 7, 5, 3, 14, 19, 5, 2, 5, 11, 0, 12, 9, 18, 5, 17, 1]",15.58263272899785,3,2048
608,4.0,256,100,"[15, 10, 6, 16, 7, 5, 3, 14, 19, 5, 2, 5, 11, 0, 12, 9, 18, 8, 4, 1]",16.06152980600018,3,2048
609,1.0,512,100,"[15, 10, 6, 16, 7, 13, 3, 14, 19, 5, 2, 17, 11, 0, 12, 9, 18, 8, 4, 1]",16.619264258999465,3,2048
610,1.0,1024,100,"[15, 10, 6, 16, 7, 13, 3, 14, 19, 5, 2, 17, 11, 0, 12, 9, 18, 8, 4, 1]",17.239849105997564,3,2048
611,1.0,2048,100,"[15, 10, 6, 16, 7, 13, 3, 14, 19, 5, 2, 17, 11, 0, 12, 9, 18, 8, 4, 1]",17.239849105997564,3,2048
612,19.0,0,100,"[5, 18, 12, 11, 14, 14, 11, 18, 11, 0, 2, 7, 0, 17, 13, 10, 9, 6, 13, 9]",17.631663997999567,4,2048
613,19.0,2,100,"[5, 18, 12, 11, 14, 14, 11, 18, 11, 0, 2, 7, 0, 17, 13, 10, 9, 6, 13, 9]",17.633395705997827,4,2048
614,19.0,4,100,"[5, 18, 12, 11, 14, 14, 11, 18, 11, 0, 2, 7, 0, 17, 13, 10, 9, 6, 13, 9]",18.03248241399706,4,2048
615,16.0,8,100,"[5, 18, 12, 11, 14, 11, 11, 18, 0, 0, 2, 7, 0, 17, 13, 10, 0, 6, 13, 9]",18.428401706998557,4,2048
616,15.0,16,100,"[5, 18, 12, 11, 14, 11, 11, 18, 0, 0, 1, 7, 0, 17, 13, 10, 0, 6, 13, 9]",18.832073350000428,4,2048
617,11.0,32,100,"[5, 18, 11, 11, 14, 11, 11, 18, 0, 0, 1, 7, 0, 17, 13, 10, 17, 6, 4, 9]",19.243544543998723,4,2048
618,10.0,64,100,"[5, 18, 11, 11, 14, 11, 11, 14, 0, 0, 1, 7, 0, 17, 13, 10, 17, 6, 4, 9]",19.662810937999893,4,2048
619,6.0,128,100,"[3, 18, 11, 11, 14, 5, 11, 14, 0, 15, 1, 7, 0, 17, 13, 10, 17, 6, 4, 9]",20.107816026000364,4,2048
620,4.0,256,100,"[3, 18, 11, 16, 12, 5, 11, 14, 0, 15, 1, 7, 0, 17, 13, 10, 17, 6, 4, 9]",20.59334681600012,4,2048
621,3.0,512,100,"[3, 18, 11, 16, 12, 5, 8, 14, 0, 15, 1, 7, 0, 17, 13, 10, 17, 6, 4, 9]",21.164038028000505,4,2048
622,1.0,1024,100,"[3, 19, 11, 16, 12, 5, 8, 14, 0, 15, 1, 7, 0, 18, 13, 10, 17, 6, 4, 9]",21.93575195899757,4,2048
623,1.0,2048,100,"[3, 19, 11, 16, 12, 5, 8, 14, 0, 15, 1, 7, 0, 18, 13, 10, 17, 6, 4, 9]",22.66377574099897,4,2048
624,22.0,0,100,"[7, 19, 12, 9, 8, 15, 9, 14, 13, 7, 16, 7, 16, 5, 19, 19, 10, 18, 3, 9]",23.06357725399721,5,2048
625,21.0,2,100,"[7, 19, 12, 9, 8, 2, 9, 14, 13, 7, 16, 7, 16, 5, 19, 19, 10, 18, 3, 9]",23.066172296999866,5,2048
626,21.0,4,100,"[7, 19, 12, 9, 8, 2, 9, 14, 13, 7, 16, 7, 16, 5, 19, 19, 10, 18, 3, 9]",23.46973823999724,5,2048
627,19.0,8,100,"[7, 19, 12, 9, 8, 2, 9, 14, 13, 7, 16, 7, 18, 5, 19, 19, 10, 18, 17, 9]",23.88672379199852,5,2048
628,18.0,16,100,"[7, 19, 12, 9, 8, 2, 9, 14, 13, 7, 16, 7, 18, 5, 19, 19, 10, 18, 17, 6]",24.299819863997982,5,2048
629,10.0,32,100,"[0, 19, 12, 9, 8, 2, 9, 14, 13, 4, 16, 7, 10, 5, 15, 8, 10, 18, 17, 6]",24.72692790899964,5,2048
630,8.0,64,100,"[0, 19, 12, 17, 8, 2, 9, 14, 13, 4, 16, 7, 10, 5, 15, 8, 0, 18, 17, 6]",25.15673102799701,5,2048
631,8.0,128,100,"[0, 19, 12, 17, 8, 2, 9, 14, 13, 4, 16, 7, 10, 5, 15, 8, 0, 18, 17, 6]",25.61336068699893,5,2048
632,2.0,256,100,"[0, 19, 12, 5, 8, 2, 9, 14, 13, 4, 16, 7, 10, 3, 15, 8, 1, 11, 17, 6]",26.118799119998585,5,2048
633,2.0,512,100,"[0, 19, 12, 5, 8, 2, 9, 14, 13, 4, 16, 7, 10, 3, 15, 8, 1, 11, 17, 6]",26.72521849899931,5,2048
634,2.0,1024,100,"[0, 19, 12, 5, 8, 2, 9, 14, 13, 4, 16, 7, 10, 3, 15, 8, 1, 11, 17, 6]",27.31441258799896,5,2048
635,2.0,2048,100,"[0, 19, 12, 5, 8, 2, 9, 14, 13, 4, 16, 7, 10, 3, 15, 8, 1, 11, 17, 6]",27.31441258799896,5,2048
636,21.0,0,100,"[8, 0, 11, 8, 9, 0, 7, 8, 0, 6, 2, 14, 0, 7, 5, 11, 14, 4, 10, 10]",27.727363349997177,6,2048
637,21.0,2,100,"[8, 0, 11, 8, 9, 0, 7, 8, 0, 6, 2, 14, 0, 7, 5, 11, 14, 4, 10, 10]",27.7293947199978,6,2048
638,18.0,4,100,"[8, 0, 11, 8, 9, 0, 2, 8, 9, 6, 2, 14, 0, 7, 5, 11, 14, 4, 10, 10]",28.146799674999784,6,2048
639,16.0,8,100,"[8, 0, 11, 8, 9, 0, 2, 8, 9, 6, 2, 14, 12, 7, 5, 11, 14, 4, 10, 10]",28.564064597998367,6,2048
640,13.0,16,100,"[8, 17, 11, 8, 9, 0, 2, 8, 9, 6, 2, 14, 12, 7, 5, 11, 14, 4, 10, 3]",28.97852001699721,6,2048
641,9.0,32,100,"[11, 17, 11, 16, 9, 0, 2, 8, 18, 6, 2, 14, 12, 7, 5, 2, 14, 4, 10, 3]",29.4096446629992,6,2048
642,5.0,64,100,"[11, 17, 1, 16, 9, 0, 2, 8, 18, 6, 13, 14, 12, 7, 5, 2, 14, 19, 10, 3]",29.852178798999375,6,2048
643,4.0,128,100,"[11, 17, 1, 16, 9, 0, 15, 8, 18, 6, 13, 14, 12, 7, 5, 2, 14, 19, 10, 3]",30.318577917998482,6,2048
644,4.0,256,100,"[11, 17, 1, 16, 9, 0, 15, 8, 18, 6, 13, 14, 12, 7, 5, 2, 14, 19, 10, 3]",30.83690247800041,6,2048
645,3.0,512,100,"[11, 17, 1, 16, 9, 0, 15, 8, 18, 6, 13, 18, 12, 7, 5, 2, 14, 19, 10, 3]",31.45608884399917,6,2048
646,3.0,1024,100,"[11, 17, 1, 16, 9, 0, 15, 8, 18, 6, 13, 18, 12, 7, 5, 2, 14, 19, 10, 3]",32.22489620899796,6,2048
647,3.0,2048,100,"[11, 17, 1, 16, 9, 0, 15, 8, 18, 6, 13, 18, 12, 7, 5, 2, 14, 19, 10, 3]",32.22489620899796,6,2048
648,19.0,0,100,"[18, 7, 14, 2, 11, 14, 2, 4, 17, 1, 5, 7, 17, 3, 10, 8, 6, 5, 4, 1]",32.643564679998235,7,2048
649,19.0,2,100,"[18, 7, 14, 2, 11, 14, 2, 4, 17, 1, 5, 7, 17, 3, 10, 8, 6, 5, 4, 1]",32.645805181997275,7,2048
650,17.0,4,100,"[18, 7, 14, 2, 11, 19, 2, 4, 17, 1, 5, 7, 15, 3, 10, 8, 6, 5, 4, 1]",33.069236807998095,7,2048
651,16.0,8,100,"[18, 7, 14, 2, 11, 19, 2, 4, 17, 1, 5, 7, 15, 17, 10, 8, 6, 5, 4, 1]",33.49303888499708,7,2048
652,12.0,16,100,"[18, 7, 14, 2, 11, 19, 2, 4, 17, 1, 5, 2, 15, 17, 10, 8, 6, 6, 4, 1]",33.91745169599744,7,2048
653,10.0,32,100,"[18, 7, 14, 2, 11, 19, 11, 12, 17, 1, 5, 2, 15, 17, 10, 8, 6, 6, 4, 1]",34.35302804499952,7,2048
654,7.0,64,100,"[18, 7, 14, 2, 11, 19, 0, 12, 17, 1, 5, 2, 15, 17, 10, 8, 6, 18, 4, 1]",34.798172173999774,7,2048
655,6.0,128,100,"[18, 7, 14, 2, 11, 19, 0, 12, 17, 1, 5, 2, 15, 17, 10, 8, 16, 18, 4, 1]",35.27948545199979,7,2048
656,4.0,256,100,"[18, 7, 14, 2, 11, 19, 0, 12, 17, 1, 5, 2, 15, 17, 3, 8, 16, 18, 4, 9]",35.80359394199695,7,2048
657,3.0,512,100,"[18, 7, 14, 2, 11, 19, 0, 12, 6, 1, 5, 2, 15, 17, 3, 8, 16, 18, 4, 9]",36.44494368300002,7,2048
658,3.0,1024,100,"[18, 7, 14, 2, 11, 19, 0, 12, 6, 1, 5, 2, 15, 17, 3, 8, 16, 18, 4, 9]",37.21110291399964,7,2048
659,3.0,2048,100,"[18, 7, 14, 2, 11, 19, 0, 12, 6, 1, 5, 2, 15, 17, 3, 8, 16, 18, 4, 9]",37.21110291399964,7,2048
660,22.0,0,100,"[12, 4, 5, 4, 17, 3, 17, 3, 2, 9, 11, 0, 6, 15, 6, 14, 14, 0, 3, 2]",37.63622926899916,8,2048
661,21.0,2,100,"[12, 4, 10, 4, 17, 3, 17, 3, 2, 9, 11, 0, 6, 15, 6, 14, 14, 0, 3, 2]",37.6390842740002,8,2048
662,20.0,4,100,"[12, 4, 10, 4, 17, 3, 17, 3, 2, 18, 11, 0, 6, 15, 6, 14, 14, 0, 3, 2]",38.067504565999116,8,2048
663,16.0,8,100,"[12, 4, 10, 4, 17, 3, 17, 3, 2, 18, 9, 0, 6, 15, 6, 14, 14, 0, 3, 4]",38.49630941999931,8,2048
664,13.0,16,100,"[12, 4, 10, 4, 17, 3, 17, 3, 2, 18, 9, 0, 6, 15, 6, 14, 14, 0, 3, 16]",38.92962838699896,8,2048
665,10.0,32,100,"[12, 4, 10, 4, 9, 3, 17, 3, 2, 18, 9, 0, 2, 15, 6, 11, 14, 0, 3, 16]",39.376257603998965,8,2048
666,8.0,64,100,"[12, 4, 10, 4, 9, 3, 17, 17, 2, 18, 9, 0, 2, 15, 6, 11, 14, 0, 3, 16]",39.8294879549976,8,2048
667,6.0,128,100,"[12, 4, 10, 4, 9, 3, 17, 17, 2, 18, 9, 0, 2, 15, 6, 11, 14, 5, 13, 16]",40.31314828399991,8,2048
668,5.0,256,100,"[12, 4, 10, 4, 9, 3, 17, 17, 8, 18, 9, 0, 2, 15, 6, 11, 14, 5, 13, 16]",40.84723592699811,8,2048
669,2.0,512,100,"[12, 4, 10, 7, 9, 3, 19, 17, 8, 18, 9, 0, 2, 15, 6, 11, 1, 5, 13, 16]",41.50655078099953,8,2048
670,2.0,1024,100,"[12, 4, 10, 7, 9, 3, 19, 17, 8, 18, 9, 0, 2, 15, 6, 11, 1, 5, 13, 16]",42.25928440200005,8,2048
671,2.0,2048,100,"[12, 4, 10, 7, 9, 3, 19, 17, 8, 18, 9, 0, 2, 15, 6, 11, 1, 5, 13, 16]",42.25928440200005,8,2048
672,19.0,0,100,"[3, 11, 9, 0, 2, 5, 1, 19, 19, 2, 5, 11, 7, 3, 15, 15, 13, 4, 19, 18]",42.693778745997406,9,2048
673,19.0,2,100,"[3, 11, 9, 0, 2, 5, 1, 19, 19, 2, 5, 11, 7, 3, 15, 15, 13, 4, 19, 18]",42.696098297998105,9,2048
674,18.0,4,100,"[3, 11, 9, 0, 2, 5, 1, 19, 19, 2, 2, 11, 7, 3, 15, 15, 13, 4, 19, 18]",43.13345613599813,9,2048
675,15.0,8,100,"[6, 11, 9, 0, 2, 5, 1, 19, 19, 2, 2, 11, 7, 3, 15, 19, 13, 4, 19, 18]",43.56888912499926,9,2048
676,15.0,16,100,"[6, 11, 9, 0, 2, 5, 1, 19, 19, 2, 2, 11, 7, 3, 15, 19, 13, 4, 19, 18]",44.010115932996996,9,2048
677,10.0,32,100,"[6, 11, 9, 0, 2, 5, 1, 19, 19, 11, 15, 11, 7, 3, 17, 19, 13, 4, 19, 18]",44.45811822699761,9,2048
678,9.0,64,100,"[6, 11, 9, 0, 2, 5, 1, 19, 19, 11, 15, 11, 7, 3, 17, 19, 8, 4, 19, 18]",44.921214980000514,9,2048
679,6.0,128,100,"[14, 11, 9, 0, 2, 5, 1, 19, 19, 11, 15, 17, 7, 3, 17, 19, 8, 4, 14, 18]",45.41925614399952,9,2048
680,5.0,256,100,"[13, 11, 9, 0, 2, 5, 1, 19, 19, 11, 15, 17, 7, 3, 17, 19, 8, 4, 14, 18]",45.982953370999894,9,2048
681,3.0,512,100,"[13, 16, 9, 0, 2, 5, 1, 19, 19, 11, 15, 17, 6, 3, 17, 19, 8, 4, 14, 18]",46.66262171099879,9,2048
682,2.0,1024,100,"[13, 16, 9, 0, 2, 5, 1, 19, 19, 11, 15, 12, 6, 3, 17, 19, 8, 4, 14, 18]",47.58998064199841,9,2048
683,2.0,2048,100,"[13, 16, 9, 0, 2, 5, 1, 19, 19, 11, 15, 12, 6, 3, 17, 19, 8, 4, 14, 18]",48.12420253500022,9,2048
684,19.0,0,100,"[11, 8, 5, 6, 9, 16, 13, 1, 0, 0, 14, 3, 10, 4, 7, 10, 10, 6, 11, 14]",48.57455921099972,10,2048
685,19.0,2,100,"[11, 8, 5, 6, 9, 16, 13, 1, 0, 0, 14, 3, 10, 4, 7, 10, 10, 6, 11, 14]",48.57690688399816,10,2048
686,17.0,4,100,"[11, 8, 5, 6, 9, 16, 13, 1, 12, 0, 14, 3, 10, 4, 7, 10, 10, 6, 11, 14]",49.027225028999965,10,2048
687,14.0,8,100,"[11, 3, 5, 6, 9, 16, 13, 1, 12, 0, 14, 3, 10, 4, 7, 0, 10, 6, 11, 14]",49.471522463998554,10,2048
688,12.0,16,100,"[12, 3, 5, 6, 9, 16, 13, 1, 12, 0, 15, 3, 10, 4, 7, 0, 10, 6, 11, 14]",49.928051851999044,10,2048
689,11.0,32,100,"[12, 3, 5, 6, 9, 16, 13, 1, 12, 2, 15, 3, 10, 4, 7, 0, 10, 6, 11, 14]",50.391034743999626,10,2048
690,8.0,64,100,"[12, 3, 5, 6, 9, 16, 13, 1, 12, 2, 15, 3, 10, 4, 10, 0, 17, 6, 11, 14]",50.872541942997486,10,2048
691,6.0,128,100,"[12, 3, 5, 13, 9, 16, 13, 1, 12, 2, 18, 3, 10, 4, 10, 0, 17, 6, 11, 14]",51.38520531299946,10,2048
692,5.0,256,100,"[12, 3, 5, 13, 9, 16, 13, 1, 12, 2, 18, 3, 10, 4, 10, 0, 15, 6, 11, 14]",51.957672954999,10,2048
693,3.0,512,100,"[12, 17, 5, 13, 9, 16, 13, 1, 12, 2, 18, 3, 10, 4, 10, 0, 15, 6, 19, 14]",52.66101648899712,10,2048
694,3.0,1024,100,"[12, 17, 5, 13, 9, 16, 13, 1, 12, 2, 18, 3, 10, 4, 10, 0, 15, 6, 19, 14]",53.48376351499974,10,2048
695,3.0,2048,100,"[12, 17, 5, 13, 9, 16, 13, 1, 12, 2, 18, 3, 10, 4, 10, 0, 15, 6, 19, 14]",53.48376351499974,10,2048
696,18.0,0,100,"[15, 3, 16, 8, 13, 3, 8, 14, 3, 14, 19, 14, 8, 10, 12, 2, 10, 16, 19, 3]",53.93573391999962,11,2048
697,18.0,2,100,"[15, 3, 16, 8, 13, 3, 8, 14, 3, 14, 19, 14, 8, 10, 12, 2, 10, 16, 19, 3]",53.93834125399735,11,2048
698,18.0,4,100,"[15, 3, 16, 8, 13, 3, 8, 14, 3, 14, 19, 14, 8, 10, 12, 2, 10, 16, 19, 3]",54.392092616999435,11,2048
699,15.0,8,100,"[15, 3, 16, 5, 13, 3, 18, 14, 3, 14, 19, 14, 8, 10, 12, 2, 10, 16, 19, 3]",54.85834549599895,11,2048
700,15.0,16,100,"[15, 3, 16, 5, 13, 3, 18, 14, 3, 14, 19, 14, 8, 10, 12, 2, 10, 16, 19, 3]",55.320732284999394,11,2048
701,11.0,32,100,"[15, 9, 16, 5, 12, 3, 18, 14, 3, 14, 17, 14, 8, 10, 4, 2, 10, 16, 19, 3]",55.79850574399825,11,2048
702,8.0,64,100,"[15, 9, 19, 5, 12, 3, 18, 7, 3, 14, 17, 14, 8, 10, 4, 2, 10, 16, 19, 3]",56.29257659799987,11,2048
703,3.0,128,100,"[15, 9, 11, 5, 1, 11, 18, 7, 3, 0, 17, 14, 8, 17, 4, 2, 10, 16, 19, 3]",56.82037105699783,11,2048
704,3.0,256,100,"[15, 9, 11, 5, 1, 11, 18, 7, 3, 0, 17, 14, 8, 17, 4, 2, 10, 16, 19, 3]",57.400209027997334,11,2048
705,1.0,512,100,"[15, 9, 11, 5, 1, 11, 18, 7, 13, 0, 17, 14, 8, 6, 4, 2, 10, 16, 19, 3]",58.128915173998394,11,2048
706,1.0,1024,100,"[15, 9, 11, 5, 1, 11, 18, 7, 13, 0, 17, 14, 8, 6, 4, 2, 10, 16, 19, 3]",58.973419572997955,11,2048
707,1.0,2048,100,"[15, 9, 11, 5, 1, 11, 18, 7, 13, 0, 17, 14, 8, 6, 4, 2, 10, 16, 19, 3]",58.973419572997955,11,2048
708,19.0,0,100,"[13, 0, 4, 4, 12, 18, 4, 3, 1, 2, 5, 15, 7, 1, 1, 11, 7, 13, 17, 11]",59.42664787399917,12,2048
709,17.0,2,100,"[13, 0, 4, 4, 12, 18, 4, 3, 1, 2, 5, 15, 7, 1, 1, 4, 7, 13, 17, 11]",59.42986820099759,12,2048
710,16.0,4,100,"[13, 0, 19, 4, 12, 18, 4, 3, 1, 2, 5, 15, 7, 1, 1, 4, 7, 13, 17, 11]",59.89498231399921,12,2048
711,13.0,8,100,"[13, 0, 19, 4, 12, 18, 4, 3, 1, 2, 16, 15, 7, 1, 1, 4, 7, 19, 17, 11]",60.35912391199963,12,2048
712,10.0,16,100,"[13, 0, 19, 4, 12, 18, 4, 3, 8, 2, 16, 15, 6, 1, 1, 4, 7, 19, 17, 11]",60.82237049499963,12,2048
713,7.0,32,100,"[13, 0, 19, 4, 12, 17, 3, 3, 8, 2, 16, 14, 6, 1, 1, 4, 7, 19, 17, 11]",61.30726074099948,12,2048
714,4.0,64,100,"[13, 0, 19, 4, 12, 17, 3, 3, 8, 2, 16, 14, 6, 18, 1, 5, 7, 15, 17, 11]",61.801342914997804,12,2048
715,4.0,128,100,"[13, 0, 19, 4, 12, 17, 3, 3, 8, 2, 16, 14, 6, 18, 1, 5, 7, 15, 17, 11]",62.33536445699792,12,2048
716,3.0,256,100,"[13, 0, 19, 4, 12, 17, 3, 3, 8, 2, 16, 14, 6, 18, 1, 5, 7, 15, 1, 11]",62.93202744500013,12,2048
717,3.0,512,100,"[13, 0, 19, 4, 12, 17, 3, 3, 8, 2, 16, 14, 6, 18, 1, 5, 7, 15, 1, 11]",63.67291054499947,12,2048
718,3.0,1024,100,"[13, 0, 19, 4, 12, 17, 3, 3, 8, 2, 16, 14, 6, 18, 1, 5, 7, 15, 1, 11]",64.27443381899866,12,2048
719,3.0,2048,100,"[13, 0, 19, 4, 12, 17, 3, 3, 8, 2, 16, 14, 6, 18, 1, 5, 7, 15, 1, 11]",64.27443381899866,12,2048
720,20.0,0,100,"[3, 10, 0, 15, 7, 5, 19, 12, 9, 9, 7, 10, 2, 1, 5, 3, 14, 10, 19, 3]",64.7336597829999,13,2048
721,18.0,2,100,"[3, 10, 0, 15, 7, 5, 19, 12, 9, 9, 18, 10, 2, 1, 5, 3, 14, 10, 19, 3]",64.73684526099896,13,2048
722,18.0,4,100,"[3, 10, 0, 15, 7, 5, 19, 12, 9, 9, 18, 10, 2, 1, 5, 3, 14, 10, 19, 3]",65.21809939499872,13,2048
723,15.0,8,100,"[3, 11, 0, 15, 7, 5, 19, 12, 9, 9, 18, 10, 2, 1, 10, 3, 14, 10, 19, 3]",65.68741121499988,13,2048
724,14.0,16,100,"[3, 11, 0, 15, 7, 5, 19, 12, 9, 9, 18, 10, 2, 1, 10, 3, 14, 6, 19, 3]",66.16385835399706,13,2048
725,12.0,32,100,"[16, 11, 0, 15, 7, 5, 19, 12, 9, 9, 18, 10, 2, 1, 10, 3, 14, 6, 19, 3]",66.6528430699982,13,2048
726,9.0,64,100,"[16, 11, 13, 15, 7, 5, 19, 12, 9, 9, 18, 10, 2, 1, 10, 10, 14, 6, 19, 3]",67.15331401900039,13,2048
727,6.0,128,100,"[16, 11, 13, 15, 7, 5, 0, 12, 0, 9, 18, 10, 2, 1, 10, 12, 14, 6, 19, 3]",67.69267851800032,13,2048
728,4.0,256,100,"[16, 11, 13, 15, 7, 5, 0, 12, 0, 4, 18, 10, 2, 1, 10, 12, 14, 6, 19, 3]",68.29703277899898,13,2048
729,3.0,512,100,"[16, 11, 13, 15, 7, 5, 0, 12, 0, 4, 18, 10, 2, 1, 10, 17, 14, 6, 19, 3]",69.05069650799851,13,2048
730,3.0,1024,100,"[16, 11, 13, 15, 7, 5, 0, 12, 0, 4, 18, 10, 2, 1, 10, 17, 14, 6, 19, 3]",69.79520810699978,13,2048
731,3.0,2048,100,"[16, 11, 13, 15, 7, 5, 0, 12, 0, 4, 18, 10, 2, 1, 10, 17, 14, 6, 19, 3]",69.79520810699978,13,2048
732,29.0,0,100,"[12, 17, 13, 12, 14, 4, 13, 3, 10, 9, 16, 5, 6, 13, 12, 14, 14, 19, 16, 0]",70.27178717599963,14,2048
733,24.0,2,100,"[12, 17, 13, 0, 13, 4, 13, 3, 10, 9, 16, 5, 6, 13, 12, 14, 14, 19, 16, 0]",70.27561297699867,14,2048
734,24.0,4,100,"[12, 17, 13, 0, 13, 4, 13, 3, 10, 9, 16, 5, 6, 13, 12, 14, 14, 19, 16, 0]",70.75009168500037,14,2048
735,19.0,8,100,"[12, 17, 13, 0, 13, 4, 13, 3, 15, 9, 16, 5, 6, 13, 12, 14, 14, 19, 19, 0]",71.23179485199944,14,2048
736,16.0,16,100,"[12, 4, 13, 0, 13, 4, 13, 3, 15, 9, 16, 5, 6, 13, 12, 7, 14, 19, 19, 11]",71.71368339999754,14,2048
737,15.0,32,100,"[12, 4, 13, 0, 13, 4, 13, 3, 15, 9, 14, 5, 6, 13, 12, 7, 14, 19, 19, 11]",72.20735345199864,14,2048
738,8.0,64,100,"[12, 4, 13, 0, 13, 4, 13, 3, 15, 9, 14, 17, 6, 1, 12, 5, 9, 19, 19, 11]",72.7198088849982,14,2048
739,7.0,128,100,"[12, 4, 13, 0, 13, 4, 13, 3, 15, 7, 14, 17, 6, 1, 12, 5, 9, 19, 19, 11]",73.26724938799816,14,2048
740,6.0,256,100,"[12, 4, 13, 0, 13, 4, 13, 3, 15, 7, 14, 17, 6, 1, 18, 5, 9, 19, 19, 11]",73.8802723459994,14,2048
741,3.0,512,100,"[12, 4, 2, 0, 13, 4, 16, 3, 15, 7, 14, 17, 6, 1, 18, 5, 9, 19, 19, 11]",74.64649760199973,14,2048
742,2.0,1024,100,"[12, 4, 2, 0, 13, 10, 16, 3, 15, 7, 14, 17, 6, 1, 18, 5, 9, 19, 19, 11]",75.7162576519986,14,2048
743,2.0,2048,100,"[12, 4, 2, 0, 13, 10, 16, 3, 15, 7, 14, 17, 6, 1, 18, 5, 9, 19, 19, 11]",76.32037873199806,14,2048
744,14.0,0,100,"[15, 13, 7, 10, 6, 0, 4, 0, 17, 10, 17, 10, 1, 11, 6, 19, 1, 13, 3, 10]",76.79377379399739,15,2048
745,14.0,2,100,"[15, 13, 7, 10, 6, 0, 4, 0, 17, 10, 17, 10, 1, 11, 6, 19, 1, 13, 3, 10]",76.79664600899923,15,2048
746,14.0,4,100,"[15, 13, 7, 10, 6, 0, 4, 0, 17, 10, 17, 10, 1, 11, 6, 19, 1, 13, 3, 10]",77.27443227500044,15,2048
747,13.0,8,100,"[15, 13, 7, 10, 6, 0, 4, 0, 17, 10, 17, 10, 1, 11, 6, 19, 1, 5, 3, 10]",77.75310182599787,15,2048
748,12.0,16,100,"[15, 13, 7, 10, 6, 0, 4, 0, 18, 10, 17, 10, 1, 11, 6, 19, 1, 5, 3, 10]",78.23494239299907,15,2048
749,7.0,32,100,"[15, 13, 7, 10, 6, 0, 4, 0, 17, 9, 6, 10, 18, 11, 6, 19, 1, 5, 8, 10]",78.73186026300027,15,2048
750,7.0,64,100,"[15, 13, 7, 10, 6, 0, 4, 0, 17, 9, 6, 10, 18, 11, 6, 19, 1, 5, 8, 10]",79.243738743,15,2048
751,6.0,128,100,"[15, 13, 7, 10, 6, 0, 3, 0, 17, 9, 6, 10, 18, 11, 6, 19, 1, 5, 8, 10]",79.79723775899765,15,2048
752,4.0,256,100,"[15, 13, 7, 10, 6, 16, 3, 0, 17, 9, 6, 12, 18, 11, 6, 19, 1, 5, 8, 10]",80.41971376799847,15,2048
753,3.0,512,100,"[15, 13, 7, 2, 6, 16, 3, 0, 17, 9, 6, 12, 18, 11, 6, 19, 1, 5, 8, 10]",81.20856264699978,15,2048
754,3.0,1024,100,"[15, 13, 7, 2, 6, 16, 3, 0, 17, 9, 6, 12, 18, 11, 6, 19, 1, 5, 8, 10]",82.11554632499974,15,2048
755,3.0,2048,100,"[15, 13, 7, 2, 6, 16, 3, 0, 17, 9, 6, 12, 18, 11, 6, 19, 1, 5, 8, 10]",82.11554632499974,15,2048
756,19.0,0,100,"[15, 14, 8, 4, 14, 2, 11, 15, 5, 14, 19, 15, 2, 19, 18, 19, 11, 8, 18, 12]",82.60258101100044,16,2048
757,19.0,2,100,"[15, 14, 8, 4, 14, 2, 11, 15, 5, 14, 19, 15, 2, 19, 18, 19, 11, 8, 18, 12]",82.60569053799918,16,2048
758,17.0,4,100,"[15, 0, 8, 4, 14, 2, 11, 15, 5, 14, 19, 15, 2, 19, 18, 19, 11, 8, 18, 12]",83.09629312299876,16,2048
759,17.0,8,100,"[15, 0, 8, 4, 14, 2, 11, 15, 5, 14, 19, 15, 2, 19, 18, 19, 11, 8, 18, 12]",83.581089927,16,2048
760,12.0,16,100,"[15, 0, 10, 4, 14, 2, 11, 15, 5, 14, 19, 15, 2, 19, 16, 19, 11, 8, 18, 12]",84.07663163899997,16,2048
761,11.0,32,100,"[15, 0, 10, 4, 14, 5, 11, 15, 5, 14, 19, 15, 2, 19, 16, 19, 11, 8, 18, 12]",84.58300097999745,16,2048
762,8.0,64,100,"[15, 0, 10, 4, 14, 5, 9, 15, 5, 14, 19, 13, 2, 19, 16, 19, 11, 8, 1, 12]",85.10839703300007,16,2048
763,6.0,128,100,"[15, 0, 10, 4, 14, 5, 9, 1, 5, 14, 19, 13, 2, 19, 6, 19, 11, 8, 1, 12]",85.6803796489985,16,2048
764,4.0,256,100,"[17, 0, 10, 4, 18, 5, 9, 1, 5, 14, 19, 13, 2, 19, 6, 19, 11, 8, 1, 12]",86.33398838599896,16,2048
765,2.0,512,100,"[17, 0, 10, 4, 18, 16, 9, 1, 5, 14, 19, 13, 2, 19, 6, 3, 11, 8, 1, 12]",87.14350438700058,16,2048
766,2.0,1024,100,"[17, 0, 10, 4, 18, 16, 9, 1, 5, 14, 19, 13, 2, 19, 6, 3, 11, 8, 1, 12]",88.10671459999867,16,2048
767,2.0,2048,100,"[17, 0, 10, 4, 18, 16, 9, 1, 5, 14, 19, 13, 2, 19, 6, 3, 11, 8, 1, 12]",88.10671459999867,16,2048
768,21.0,0,100,"[14, 14, 4, 10, 4, 15, 17, 16, 5, 11, 12, 7, 1, 6, 9, 8, 9, 18, 19, 0]",88.6001496209974,17,2048
769,20.0,2,100,"[14, 14, 4, 1, 4, 15, 17, 16, 5, 11, 12, 7, 1, 6, 9, 8, 9, 18, 19, 0]",88.60375787999874,17,2048
770,19.0,4,100,"[14, 14, 4, 1, 4, 15, 17, 5, 5, 11, 12, 7, 1, 6, 9, 8, 9, 18, 19, 0]",89.09388470299746,17,2048
771,16.0,8,100,"[14, 14, 4, 1, 4, 15, 17, 5, 5, 16, 12, 7, 15, 6, 9, 8, 9, 18, 19, 0]",89.59499028499704,17,2048
772,13.0,16,100,"[14, 14, 4, 1, 4, 11, 17, 5, 5, 16, 12, 7, 15, 6, 18, 8, 9, 18, 19, 0]",90.10264902199924,17,2048
773,10.0,32,100,"[14, 14, 4, 1, 4, 11, 17, 5, 5, 16, 12, 7, 15, 7, 18, 8, 1, 18, 19, 0]",90.61404810000022,17,2048
774,7.0,64,100,"[9, 14, 4, 8, 4, 11, 17, 5, 5, 16, 12, 3, 15, 7, 18, 8, 1, 18, 19, 0]",91.14866870299738,17,2048
775,5.0,128,100,"[9, 14, 4, 8, 4, 11, 17, 2, 5, 16, 12, 3, 15, 7, 18, 13, 1, 18, 19, 0]",91.72748843599766,17,2048
776,2.0,256,100,"[10, 14, 4, 8, 4, 11, 17, 2, 5, 16, 12, 3, 15, 7, 18, 6, 1, 13, 19, 0]",92.39347645999806,17,2048
777,0.0,512,100,"[10, 14, 0, 8, 4, 11, 17, 2, 5, 16, 12, 3, 15, 7, 18, 6, 1, 13, 19, 9]",93.03370249499858,17,2048
778,0.0,1024,100,"[10, 14, 0, 8, 4, 11, 17, 2, 5, 16, 12, 3, 15, 7, 18, 6, 1, 13, 19, 9]",93.03370249499858,17,2048
779,0.0,2048,100,"[10, 14, 0, 8, 4, 11, 17, 2, 5, 16, 12, 3, 15, 7, 18, 6, 1, 13, 19, 9]",93.03370249499858,17,2048
