,Fitness,Iteration,Keep Percent,Population Size,State,Time,max_iters,use_fast_mimic
0,17.0,0,0.01,50,"[5, 11, 12, 8, 9, 11, 5, 15, 0, 16, 1, 12, 7, 13, 6, 18, 5, 18, 11, 10]",0.026050270000268938,2048,False
1,13.0,2,0.01,50,"[5.0, 16.0, 0.0, 11.0, 12.0, 11.0, 3.0, 12.0, 15.0, 19.0, 13.0, 1.0, 4.0, 7.0, 3.0, 2.0, 2.0, 10.0, 14.0, 18.0]",0.33123631499984185,2048,False
2,13.0,4,0.01,50,"[5.0, 16.0, 0.0, 11.0, 12.0, 11.0, 3.0, 12.0, 15.0, 19.0, 13.0, 1.0, 4.0, 7.0, 3.0, 2.0, 2.0, 10.0, 14.0, 18.0]",0.6461984870002198,2048,False
3,13.0,8,0.01,50,"[5.0, 16.0, 0.0, 11.0, 12.0, 11.0, 3.0, 12.0, 15.0, 19.0, 13.0, 1.0, 4.0, 7.0, 3.0, 2.0, 2.0, 10.0, 14.0, 18.0]",1.270345904998976,2048,False
4,13.0,16,0.01,50,"[5.0, 16.0, 0.0, 11.0, 12.0, 11.0, 3.0, 12.0, 15.0, 19.0, 13.0, 1.0, 4.0, 7.0, 3.0, 2.0, 2.0, 10.0, 14.0, 18.0]",2.510610137000185,2048,False
5,13.0,32,0.01,50,"[5.0, 16.0, 0.0, 11.0, 12.0, 11.0, 3.0, 12.0, 15.0, 19.0, 13.0, 1.0, 4.0, 7.0, 3.0, 2.0, 2.0, 10.0, 14.0, 18.0]",5.009129711001151,2048,False
6,13.0,64,0.01,50,"[5.0, 16.0, 0.0, 11.0, 12.0, 11.0, 3.0, 12.0, 15.0, 19.0, 13.0, 1.0, 4.0, 7.0, 3.0, 2.0, 2.0, 10.0, 14.0, 18.0]",9.974025236999296,2048,False
7,13.0,128,0.01,50,"[5.0, 16.0, 0.0, 11.0, 12.0, 11.0, 3.0, 12.0, 15.0, 19.0, 13.0, 1.0, 4.0, 7.0, 3.0, 2.0, 2.0, 10.0, 14.0, 18.0]",19.8905274380013,2048,False
8,13.0,256,0.01,50,"[5.0, 16.0, 0.0, 11.0, 12.0, 11.0, 3.0, 12.0, 15.0, 19.0, 13.0, 1.0, 4.0, 7.0, 3.0, 2.0, 2.0, 10.0, 14.0, 18.0]",39.56596963699849,2048,False
9,13.0,512,0.01,50,"[5.0, 16.0, 0.0, 11.0, 12.0, 11.0, 3.0, 12.0, 15.0, 19.0, 13.0, 1.0, 4.0, 7.0, 3.0, 2.0, 2.0, 10.0, 14.0, 18.0]",77.3267381509977,2048,False
10,13.0,1024,0.01,50,"[5.0, 16.0, 0.0, 11.0, 12.0, 11.0, 3.0, 12.0, 15.0, 19.0, 13.0, 1.0, 4.0, 7.0, 3.0, 2.0, 2.0, 10.0, 14.0, 18.0]",77.3267381509977,2048,False
11,13.0,2048,0.01,50,"[5.0, 16.0, 0.0, 11.0, 12.0, 11.0, 3.0, 12.0, 15.0, 19.0, 13.0, 1.0, 4.0, 7.0, 3.0, 2.0, 2.0, 10.0, 14.0, 18.0]",77.3267381509977,2048,False
12,17.0,0,0.02,50,"[5, 11, 12, 8, 9, 11, 5, 15, 0, 16, 1, 12, 7, 13, 6, 18, 5, 18, 11, 10]",0.02670205799950054,2048,False
13,13.0,2,0.02,50,"[5.0, 16.0, 0.0, 11.0, 12.0, 11.0, 3.0, 12.0, 15.0, 19.0, 13.0, 1.0, 4.0, 7.0, 3.0, 2.0, 2.0, 10.0, 14.0, 18.0]",0.3296442780010693,2048,False
14,13.0,4,0.02,50,"[5.0, 16.0, 0.0, 11.0, 12.0, 11.0, 3.0, 12.0, 15.0, 19.0, 13.0, 1.0, 4.0, 7.0, 3.0, 2.0, 2.0, 10.0, 14.0, 18.0]",0.6506147239997517,2048,False
15,13.0,8,0.02,50,"[5.0, 16.0, 0.0, 11.0, 12.0, 11.0, 3.0, 12.0, 15.0, 19.0, 13.0, 1.0, 4.0, 7.0, 3.0, 2.0, 2.0, 10.0, 14.0, 18.0]",1.2787245420004183,2048,False
16,13.0,16,0.02,50,"[5.0, 16.0, 0.0, 11.0, 12.0, 11.0, 3.0, 12.0, 15.0, 19.0, 13.0, 1.0, 4.0, 7.0, 3.0, 2.0, 2.0, 10.0, 14.0, 18.0]",2.527298918001179,2048,False
17,13.0,32,0.02,50,"[5.0, 16.0, 0.0, 11.0, 12.0, 11.0, 3.0, 12.0, 15.0, 19.0, 13.0, 1.0, 4.0, 7.0, 3.0, 2.0, 2.0, 10.0, 14.0, 18.0]",5.017619709000428,2048,False
18,13.0,64,0.02,50,"[5.0, 16.0, 0.0, 11.0, 12.0, 11.0, 3.0, 12.0, 15.0, 19.0, 13.0, 1.0, 4.0, 7.0, 3.0, 2.0, 2.0, 10.0, 14.0, 18.0]",9.95789415499894,2048,False
19,13.0,128,0.02,50,"[5.0, 16.0, 0.0, 11.0, 12.0, 11.0, 3.0, 12.0, 15.0, 19.0, 13.0, 1.0, 4.0, 7.0, 3.0, 2.0, 2.0, 10.0, 14.0, 18.0]",19.894928657999117,2048,False
20,13.0,256,0.02,50,"[5.0, 16.0, 0.0, 11.0, 12.0, 11.0, 3.0, 12.0, 15.0, 19.0, 13.0, 1.0, 4.0, 7.0, 3.0, 2.0, 2.0, 10.0, 14.0, 18.0]",39.67918769199969,2048,False
21,13.0,512,0.02,50,"[5.0, 16.0, 0.0, 11.0, 12.0, 11.0, 3.0, 12.0, 15.0, 19.0, 13.0, 1.0, 4.0, 7.0, 3.0, 2.0, 2.0, 10.0, 14.0, 18.0]",77.6726992010008,2048,False
22,13.0,1024,0.02,50,"[5.0, 16.0, 0.0, 11.0, 12.0, 11.0, 3.0, 12.0, 15.0, 19.0, 13.0, 1.0, 4.0, 7.0, 3.0, 2.0, 2.0, 10.0, 14.0, 18.0]",77.6726992010008,2048,False
23,13.0,2048,0.02,50,"[5.0, 16.0, 0.0, 11.0, 12.0, 11.0, 3.0, 12.0, 15.0, 19.0, 13.0, 1.0, 4.0, 7.0, 3.0, 2.0, 2.0, 10.0, 14.0, 18.0]",77.6726992010008,2048,False
24,17.0,0,0.04,50,"[5, 11, 12, 8, 9, 11, 5, 15, 0, 16, 1, 12, 7, 13, 6, 18, 5, 18, 11, 10]",0.026833356998395175,2048,False
25,13.0,2,0.04,50,"[5.0, 16.0, 0.0, 11.0, 12.0, 11.0, 3.0, 12.0, 15.0, 19.0, 13.0, 1.0, 4.0, 7.0, 3.0, 2.0, 2.0, 10.0, 14.0, 18.0]",0.33604301499872236,2048,False
26,13.0,4,0.04,50,"[5.0, 16.0, 0.0, 11.0, 12.0, 11.0, 3.0, 12.0, 15.0, 19.0, 13.0, 1.0, 4.0, 7.0, 3.0, 2.0, 2.0, 10.0, 14.0, 18.0]",0.6638183729992306,2048,False
27,13.0,8,0.04,50,"[5.0, 16.0, 0.0, 11.0, 12.0, 11.0, 3.0, 12.0, 15.0, 19.0, 13.0, 1.0, 4.0, 7.0, 3.0, 2.0, 2.0, 10.0, 14.0, 18.0]",1.3007261599996127,2048,False
28,13.0,16,0.04,50,"[5.0, 16.0, 0.0, 11.0, 12.0, 11.0, 3.0, 12.0, 15.0, 19.0, 13.0, 1.0, 4.0, 7.0, 3.0, 2.0, 2.0, 10.0, 14.0, 18.0]",2.5505045289974078,2048,False
29,13.0,32,0.04,50,"[5.0, 16.0, 0.0, 11.0, 12.0, 11.0, 3.0, 12.0, 15.0, 19.0, 13.0, 1.0, 4.0, 7.0, 3.0, 2.0, 2.0, 10.0, 14.0, 18.0]",5.048221930999716,2048,False
30,13.0,64,0.04,50,"[5.0, 16.0, 0.0, 11.0, 12.0, 11.0, 3.0, 12.0, 15.0, 19.0, 13.0, 1.0, 4.0, 7.0, 3.0, 2.0, 2.0, 10.0, 14.0, 18.0]",10.035039367998252,2048,False
31,13.0,128,0.04,50,"[5.0, 16.0, 0.0, 11.0, 12.0, 11.0, 3.0, 12.0, 15.0, 19.0, 13.0, 1.0, 4.0, 7.0, 3.0, 2.0, 2.0, 10.0, 14.0, 18.0]",19.907671823999408,2048,False
32,13.0,256,0.04,50,"[5.0, 16.0, 0.0, 11.0, 12.0, 11.0, 3.0, 12.0, 15.0, 19.0, 13.0, 1.0, 4.0, 7.0, 3.0, 2.0, 2.0, 10.0, 14.0, 18.0]",39.743803091998416,2048,False
33,13.0,512,0.04,50,"[5.0, 16.0, 0.0, 11.0, 12.0, 11.0, 3.0, 12.0, 15.0, 19.0, 13.0, 1.0, 4.0, 7.0, 3.0, 2.0, 2.0, 10.0, 14.0, 18.0]",77.6905432909989,2048,False
34,13.0,1024,0.04,50,"[5.0, 16.0, 0.0, 11.0, 12.0, 11.0, 3.0, 12.0, 15.0, 19.0, 13.0, 1.0, 4.0, 7.0, 3.0, 2.0, 2.0, 10.0, 14.0, 18.0]",77.6905432909989,2048,False
35,13.0,2048,0.04,50,"[5.0, 16.0, 0.0, 11.0, 12.0, 11.0, 3.0, 12.0, 15.0, 19.0, 13.0, 1.0, 4.0, 7.0, 3.0, 2.0, 2.0, 10.0, 14.0, 18.0]",77.6905432909989,2048,False
36,17.0,0,0.08,50,"[5, 11, 12, 8, 9, 11, 5, 15, 0, 16, 1, 12, 7, 13, 6, 18, 5, 18, 11, 10]",0.02699381300044479,2048,False
37,13.0,2,0.08,50,"[5.0, 16.0, 0.0, 11.0, 12.0, 11.0, 3.0, 12.0, 15.0, 19.0, 13.0, 1.0, 4.0, 7.0, 3.0, 2.0, 2.0, 10.0, 14.0, 18.0]",0.3384719480018248,2048,False
38,13.0,4,0.08,50,"[5.0, 16.0, 0.0, 11.0, 12.0, 11.0, 3.0, 12.0, 15.0, 19.0, 13.0, 1.0, 4.0, 7.0, 3.0, 2.0, 2.0, 10.0, 14.0, 18.0]",0.6709349430020666,2048,False
39,13.0,8,0.08,50,"[5.0, 16.0, 0.0, 11.0, 12.0, 11.0, 3.0, 12.0, 15.0, 19.0, 13.0, 1.0, 4.0, 7.0, 3.0, 2.0, 2.0, 10.0, 14.0, 18.0]",1.3134238329985237,2048,False
40,13.0,16,0.08,50,"[5.0, 16.0, 0.0, 11.0, 12.0, 11.0, 3.0, 12.0, 15.0, 19.0, 13.0, 1.0, 4.0, 7.0, 3.0, 2.0, 2.0, 10.0, 14.0, 18.0]",2.5749727559996245,2048,False
41,13.0,32,0.08,50,"[5.0, 16.0, 0.0, 11.0, 12.0, 11.0, 3.0, 12.0, 15.0, 19.0, 13.0, 1.0, 4.0, 7.0, 3.0, 2.0, 2.0, 10.0, 14.0, 18.0]",5.077271040001506,2048,False
42,13.0,64,0.08,50,"[5.0, 16.0, 0.0, 11.0, 12.0, 11.0, 3.0, 12.0, 15.0, 19.0, 13.0, 1.0, 4.0, 7.0, 3.0, 2.0, 2.0, 10.0, 14.0, 18.0]",10.067181382000854,2048,False
43,13.0,128,0.08,50,"[5.0, 16.0, 0.0, 11.0, 12.0, 11.0, 3.0, 12.0, 15.0, 19.0, 13.0, 1.0, 4.0, 7.0, 3.0, 2.0, 2.0, 10.0, 14.0, 18.0]",19.984581860000617,2048,False
44,13.0,256,0.08,50,"[5.0, 16.0, 0.0, 11.0, 12.0, 11.0, 3.0, 12.0, 15.0, 19.0, 13.0, 1.0, 4.0, 7.0, 3.0, 2.0, 2.0, 10.0, 14.0, 18.0]",39.834601648999524,2048,False
45,13.0,512,0.08,50,"[5.0, 16.0, 0.0, 11.0, 12.0, 11.0, 3.0, 12.0, 15.0, 19.0, 13.0, 1.0, 4.0, 7.0, 3.0, 2.0, 2.0, 10.0, 14.0, 18.0]",77.74879320100081,2048,False
46,13.0,1024,0.08,50,"[5.0, 16.0, 0.0, 11.0, 12.0, 11.0, 3.0, 12.0, 15.0, 19.0, 13.0, 1.0, 4.0, 7.0, 3.0, 2.0, 2.0, 10.0, 14.0, 18.0]",77.74879320100081,2048,False
47,13.0,2048,0.08,50,"[5.0, 16.0, 0.0, 11.0, 12.0, 11.0, 3.0, 12.0, 15.0, 19.0, 13.0, 1.0, 4.0, 7.0, 3.0, 2.0, 2.0, 10.0, 14.0, 18.0]",77.74879320100081,2048,False
48,17.0,0,0.16,50,"[5, 11, 12, 8, 9, 11, 5, 15, 0, 16, 1, 12, 7, 13, 6, 18, 5, 18, 11, 10]",0.026845722997677512,2048,False
49,13.0,2,0.16,50,"[5.0, 16.0, 0.0, 11.0, 12.0, 11.0, 3.0, 12.0, 15.0, 19.0, 13.0, 1.0, 4.0, 7.0, 3.0, 2.0, 2.0, 10.0, 14.0, 18.0]",0.3738955549997627,2048,False
50,13.0,4,0.16,50,"[5.0, 16.0, 0.0, 11.0, 12.0, 11.0, 3.0, 12.0, 15.0, 19.0, 13.0, 1.0, 4.0, 7.0, 3.0, 2.0, 2.0, 10.0, 14.0, 18.0]",0.7140946910003549,2048,False
51,13.0,8,0.16,50,"[5.0, 16.0, 0.0, 11.0, 12.0, 11.0, 3.0, 12.0, 15.0, 19.0, 13.0, 1.0, 4.0, 7.0, 3.0, 2.0, 2.0, 10.0, 14.0, 18.0]",1.3575855859999137,2048,False
52,13.0,16,0.16,50,"[5.0, 16.0, 0.0, 11.0, 12.0, 11.0, 3.0, 12.0, 15.0, 19.0, 13.0, 1.0, 4.0, 7.0, 3.0, 2.0, 2.0, 10.0, 14.0, 18.0]",2.6235753529981594,2048,False
53,13.0,32,0.16,50,"[5.0, 16.0, 0.0, 11.0, 12.0, 11.0, 3.0, 12.0, 15.0, 19.0, 13.0, 1.0, 4.0, 7.0, 3.0, 2.0, 2.0, 10.0, 14.0, 18.0]",5.127446362999763,2048,False
54,13.0,64,0.16,50,"[5.0, 16.0, 0.0, 11.0, 12.0, 11.0, 3.0, 12.0, 15.0, 19.0, 13.0, 1.0, 4.0, 7.0, 3.0, 2.0, 2.0, 10.0, 14.0, 18.0]",10.104242289999092,2048,False
55,13.0,128,0.16,50,"[5.0, 16.0, 0.0, 11.0, 12.0, 11.0, 3.0, 12.0, 15.0, 19.0, 13.0, 1.0, 4.0, 7.0, 3.0, 2.0, 2.0, 10.0, 14.0, 18.0]",19.992710834998434,2048,False
56,13.0,256,0.16,50,"[5.0, 16.0, 0.0, 11.0, 12.0, 11.0, 3.0, 12.0, 15.0, 19.0, 13.0, 1.0, 4.0, 7.0, 3.0, 2.0, 2.0, 10.0, 14.0, 18.0]",39.78500517499924,2048,False
57,13.0,512,0.16,50,"[5.0, 16.0, 0.0, 11.0, 12.0, 11.0, 3.0, 12.0, 15.0, 19.0, 13.0, 1.0, 4.0, 7.0, 3.0, 2.0, 2.0, 10.0, 14.0, 18.0]",77.67450712400023,2048,False
58,13.0,1024,0.16,50,"[5.0, 16.0, 0.0, 11.0, 12.0, 11.0, 3.0, 12.0, 15.0, 19.0, 13.0, 1.0, 4.0, 7.0, 3.0, 2.0, 2.0, 10.0, 14.0, 18.0]",77.67450712400023,2048,False
59,13.0,2048,0.16,50,"[5.0, 16.0, 0.0, 11.0, 12.0, 11.0, 3.0, 12.0, 15.0, 19.0, 13.0, 1.0, 4.0, 7.0, 3.0, 2.0, 2.0, 10.0, 14.0, 18.0]",77.67450712400023,2048,False
60,17.0,0,0.32,50,"[5, 11, 12, 8, 9, 11, 5, 15, 0, 16, 1, 12, 7, 13, 6, 18, 5, 18, 11, 10]",0.02688017999753356,2048,False
61,14.0,2,0.32,50,"[9.0, 3.0, 17.0, 3.0, 6.0, 3.0, 16.0, 2.0, 19.0, 5.0, 18.0, 14.0, 10.0, 6.0, 17.0, 0.0, 8.0, 8.0, 4.0, 7.0]",0.3584958439969341,2048,False
62,14.0,4,0.32,50,"[9.0, 3.0, 17.0, 3.0, 6.0, 3.0, 16.0, 2.0, 19.0, 5.0, 18.0, 14.0, 10.0, 6.0, 17.0, 0.0, 8.0, 8.0, 4.0, 7.0]",0.7038309149975248,2048,False
63,11.0,8,0.32,50,"[9.0, 6.0, 17.0, 3.0, 6.0, 3.0, 5.0, 2.0, 19.0, 5.0, 18.0, 14.0, 10.0, 19.0, 17.0, 0.0, 8.0, 8.0, 4.0, 7.0]",1.3546398899998167,2048,False
64,11.0,16,0.32,50,"[9.0, 6.0, 17.0, 3.0, 6.0, 3.0, 5.0, 2.0, 19.0, 5.0, 18.0, 14.0, 10.0, 19.0, 17.0, 0.0, 8.0, 8.0, 4.0, 7.0]",2.621200489997136,2048,False
65,11.0,32,0.32,50,"[9.0, 6.0, 17.0, 3.0, 6.0, 3.0, 5.0, 2.0, 19.0, 5.0, 18.0, 14.0, 10.0, 19.0, 17.0, 0.0, 8.0, 8.0, 4.0, 7.0]",5.165182766999351,2048,False
66,11.0,64,0.32,50,"[9.0, 6.0, 17.0, 3.0, 6.0, 3.0, 5.0, 2.0, 19.0, 5.0, 18.0, 14.0, 10.0, 19.0, 17.0, 0.0, 8.0, 8.0, 4.0, 7.0]",10.174294968997856,2048,False
67,11.0,128,0.32,50,"[9.0, 6.0, 17.0, 3.0, 6.0, 3.0, 5.0, 2.0, 19.0, 5.0, 18.0, 14.0, 10.0, 19.0, 17.0, 0.0, 8.0, 8.0, 4.0, 7.0]",20.09810090499741,2048,False
68,11.0,256,0.32,50,"[9.0, 6.0, 17.0, 3.0, 6.0, 3.0, 5.0, 2.0, 19.0, 5.0, 18.0, 14.0, 10.0, 19.0, 17.0, 0.0, 8.0, 8.0, 4.0, 7.0]",39.876813699997,2048,False
69,11.0,512,0.32,50,"[9.0, 6.0, 17.0, 3.0, 6.0, 3.0, 5.0, 2.0, 19.0, 5.0, 18.0, 14.0, 10.0, 19.0, 17.0, 0.0, 8.0, 8.0, 4.0, 7.0]",78.6436103829983,2048,False
70,11.0,1024,0.32,50,"[9.0, 6.0, 17.0, 3.0, 6.0, 3.0, 5.0, 2.0, 19.0, 5.0, 18.0, 14.0, 10.0, 19.0, 17.0, 0.0, 8.0, 8.0, 4.0, 7.0]",78.6436103829983,2048,False
71,11.0,2048,0.32,50,"[9.0, 6.0, 17.0, 3.0, 6.0, 3.0, 5.0, 2.0, 19.0, 5.0, 18.0, 14.0, 10.0, 19.0, 17.0, 0.0, 8.0, 8.0, 4.0, 7.0]",78.6436103829983,2048,False
72,17.0,0,0.01,100,"[5, 11, 12, 8, 9, 11, 5, 15, 0, 16, 1, 12, 7, 13, 6, 18, 5, 18, 11, 10]",0.05267014499986544,2048,False
73,13.0,2,0.01,100,"[5.0, 16.0, 0.0, 11.0, 12.0, 11.0, 3.0, 12.0, 15.0, 19.0, 13.0, 1.0, 4.0, 7.0, 3.0, 2.0, 2.0, 10.0, 14.0, 18.0]",0.4051967679988593,2048,False
74,13.0,4,0.01,100,"[5.0, 16.0, 0.0, 11.0, 12.0, 11.0, 3.0, 12.0, 15.0, 19.0, 13.0, 1.0, 4.0, 7.0, 3.0, 2.0, 2.0, 10.0, 14.0, 18.0]",0.7988165999995545,2048,False
75,13.0,8,0.01,100,"[5.0, 16.0, 0.0, 11.0, 12.0, 11.0, 3.0, 12.0, 15.0, 19.0, 13.0, 1.0, 4.0, 7.0, 3.0, 2.0, 2.0, 10.0, 14.0, 18.0]",1.5473730230005458,2048,False
76,13.0,16,0.01,100,"[5.0, 16.0, 0.0, 11.0, 12.0, 11.0, 3.0, 12.0, 15.0, 19.0, 13.0, 1.0, 4.0, 7.0, 3.0, 2.0, 2.0, 10.0, 14.0, 18.0]",3.0104153489992314,2048,False
77,13.0,32,0.01,100,"[5.0, 16.0, 0.0, 11.0, 12.0, 11.0, 3.0, 12.0, 15.0, 19.0, 13.0, 1.0, 4.0, 7.0, 3.0, 2.0, 2.0, 10.0, 14.0, 18.0]",5.913995610000711,2048,False
78,13.0,64,0.01,100,"[5.0, 16.0, 0.0, 11.0, 12.0, 11.0, 3.0, 12.0, 15.0, 19.0, 13.0, 1.0, 4.0, 7.0, 3.0, 2.0, 2.0, 10.0, 14.0, 18.0]",11.705672263000451,2048,False
79,13.0,128,0.01,100,"[5.0, 16.0, 0.0, 11.0, 12.0, 11.0, 3.0, 12.0, 15.0, 19.0, 13.0, 1.0, 4.0, 7.0, 3.0, 2.0, 2.0, 10.0, 14.0, 18.0]",23.24164546799875,2048,False
80,13.0,256,0.01,100,"[5.0, 16.0, 0.0, 11.0, 12.0, 11.0, 3.0, 12.0, 15.0, 19.0, 13.0, 1.0, 4.0, 7.0, 3.0, 2.0, 2.0, 10.0, 14.0, 18.0]",46.22684294699866,2048,False
81,13.0,512,0.01,100,"[5.0, 16.0, 0.0, 11.0, 12.0, 11.0, 3.0, 12.0, 15.0, 19.0, 13.0, 1.0, 4.0, 7.0, 3.0, 2.0, 2.0, 10.0, 14.0, 18.0]",90.261294988999,2048,False
82,13.0,1024,0.01,100,"[5.0, 16.0, 0.0, 11.0, 12.0, 11.0, 3.0, 12.0, 15.0, 19.0, 13.0, 1.0, 4.0, 7.0, 3.0, 2.0, 2.0, 10.0, 14.0, 18.0]",90.261294988999,2048,False
83,13.0,2048,0.01,100,"[5.0, 16.0, 0.0, 11.0, 12.0, 11.0, 3.0, 12.0, 15.0, 19.0, 13.0, 1.0, 4.0, 7.0, 3.0, 2.0, 2.0, 10.0, 14.0, 18.0]",90.261294988999,2048,False
84,17.0,0,0.02,100,"[5, 11, 12, 8, 9, 11, 5, 15, 0, 16, 1, 12, 7, 13, 6, 18, 5, 18, 11, 10]",0.052522736998071196,2048,False
85,13.0,2,0.02,100,"[5.0, 16.0, 0.0, 11.0, 12.0, 11.0, 3.0, 12.0, 15.0, 19.0, 13.0, 1.0, 4.0, 7.0, 3.0, 2.0, 2.0, 10.0, 14.0, 18.0]",0.4228698869992513,2048,False
86,13.0,4,0.02,100,"[5.0, 16.0, 0.0, 11.0, 12.0, 11.0, 3.0, 12.0, 15.0, 19.0, 13.0, 1.0, 4.0, 7.0, 3.0, 2.0, 2.0, 10.0, 14.0, 18.0]",0.8372468509987812,2048,False
87,13.0,8,0.02,100,"[5.0, 16.0, 0.0, 11.0, 12.0, 11.0, 3.0, 12.0, 15.0, 19.0, 13.0, 1.0, 4.0, 7.0, 3.0, 2.0, 2.0, 10.0, 14.0, 18.0]",1.6023054350007442,2048,False
88,13.0,16,0.02,100,"[5.0, 16.0, 0.0, 11.0, 12.0, 11.0, 3.0, 12.0, 15.0, 19.0, 13.0, 1.0, 4.0, 7.0, 3.0, 2.0, 2.0, 10.0, 14.0, 18.0]",3.0859087629978603,2048,False
89,13.0,32,0.02,100,"[5.0, 16.0, 0.0, 11.0, 12.0, 11.0, 3.0, 12.0, 15.0, 19.0, 13.0, 1.0, 4.0, 7.0, 3.0, 2.0, 2.0, 10.0, 14.0, 18.0]",5.991012254999077,2048,False
90,13.0,64,0.02,100,"[5.0, 16.0, 0.0, 11.0, 12.0, 11.0, 3.0, 12.0, 15.0, 19.0, 13.0, 1.0, 4.0, 7.0, 3.0, 2.0, 2.0, 10.0, 14.0, 18.0]",11.827318838000792,2048,False
91,13.0,128,0.02,100,"[5.0, 16.0, 0.0, 11.0, 12.0, 11.0, 3.0, 12.0, 15.0, 19.0, 13.0, 1.0, 4.0, 7.0, 3.0, 2.0, 2.0, 10.0, 14.0, 18.0]",23.337569571998756,2048,False
92,13.0,256,0.02,100,"[5.0, 16.0, 0.0, 11.0, 12.0, 11.0, 3.0, 12.0, 15.0, 19.0, 13.0, 1.0, 4.0, 7.0, 3.0, 2.0, 2.0, 10.0, 14.0, 18.0]",46.258548137000616,2048,False
93,13.0,512,0.02,100,"[5.0, 16.0, 0.0, 11.0, 12.0, 11.0, 3.0, 12.0, 15.0, 19.0, 13.0, 1.0, 4.0, 7.0, 3.0, 2.0, 2.0, 10.0, 14.0, 18.0]",90.16452831800052,2048,False
94,13.0,1024,0.02,100,"[5.0, 16.0, 0.0, 11.0, 12.0, 11.0, 3.0, 12.0, 15.0, 19.0, 13.0, 1.0, 4.0, 7.0, 3.0, 2.0, 2.0, 10.0, 14.0, 18.0]",90.16452831800052,2048,False
95,13.0,2048,0.02,100,"[5.0, 16.0, 0.0, 11.0, 12.0, 11.0, 3.0, 12.0, 15.0, 19.0, 13.0, 1.0, 4.0, 7.0, 3.0, 2.0, 2.0, 10.0, 14.0, 18.0]",90.16452831800052,2048,False
96,17.0,0,0.04,100,"[5, 11, 12, 8, 9, 11, 5, 15, 0, 16, 1, 12, 7, 13, 6, 18, 5, 18, 11, 10]",0.05118300599860959,2048,False
97,13.0,2,0.04,100,"[5.0, 16.0, 0.0, 11.0, 12.0, 11.0, 3.0, 12.0, 15.0, 19.0, 13.0, 1.0, 4.0, 7.0, 3.0, 2.0, 2.0, 10.0, 14.0, 18.0]",0.41257567900174763,2048,False
98,13.0,4,0.04,100,"[5.0, 16.0, 0.0, 11.0, 12.0, 11.0, 3.0, 12.0, 15.0, 19.0, 13.0, 1.0, 4.0, 7.0, 3.0, 2.0, 2.0, 10.0, 14.0, 18.0]",0.8130284789986035,2048,False
99,13.0,8,0.04,100,"[5.0, 16.0, 0.0, 11.0, 12.0, 11.0, 3.0, 12.0, 15.0, 19.0, 13.0, 1.0, 4.0, 7.0, 3.0, 2.0, 2.0, 10.0, 14.0, 18.0]",1.5737061010004254,2048,False
100,13.0,16,0.04,100,"[5.0, 16.0, 0.0, 11.0, 12.0, 11.0, 3.0, 12.0, 15.0, 19.0, 13.0, 1.0, 4.0, 7.0, 3.0, 2.0, 2.0, 10.0, 14.0, 18.0]",3.0528286910011957,2048,False
101,13.0,32,0.04,100,"[5.0, 16.0, 0.0, 11.0, 12.0, 11.0, 3.0, 12.0, 15.0, 19.0, 13.0, 1.0, 4.0, 7.0, 3.0, 2.0, 2.0, 10.0, 14.0, 18.0]",6.00210930799949,2048,False
102,13.0,64,0.04,100,"[5.0, 16.0, 0.0, 11.0, 12.0, 11.0, 3.0, 12.0, 15.0, 19.0, 13.0, 1.0, 4.0, 7.0, 3.0, 2.0, 2.0, 10.0, 14.0, 18.0]",11.797471983001742,2048,False
103,13.0,128,0.04,100,"[5.0, 16.0, 0.0, 11.0, 12.0, 11.0, 3.0, 12.0, 15.0, 19.0, 13.0, 1.0, 4.0, 7.0, 3.0, 2.0, 2.0, 10.0, 14.0, 18.0]",23.337564638000913,2048,False
104,13.0,256,0.04,100,"[5.0, 16.0, 0.0, 11.0, 12.0, 11.0, 3.0, 12.0, 15.0, 19.0, 13.0, 1.0, 4.0, 7.0, 3.0, 2.0, 2.0, 10.0, 14.0, 18.0]",46.32221549300084,2048,False
105,13.0,512,0.04,100,"[5.0, 16.0, 0.0, 11.0, 12.0, 11.0, 3.0, 12.0, 15.0, 19.0, 13.0, 1.0, 4.0, 7.0, 3.0, 2.0, 2.0, 10.0, 14.0, 18.0]",90.25069742499909,2048,False
106,13.0,1024,0.04,100,"[5.0, 16.0, 0.0, 11.0, 12.0, 11.0, 3.0, 12.0, 15.0, 19.0, 13.0, 1.0, 4.0, 7.0, 3.0, 2.0, 2.0, 10.0, 14.0, 18.0]",90.25069742499909,2048,False
107,13.0,2048,0.04,100,"[5.0, 16.0, 0.0, 11.0, 12.0, 11.0, 3.0, 12.0, 15.0, 19.0, 13.0, 1.0, 4.0, 7.0, 3.0, 2.0, 2.0, 10.0, 14.0, 18.0]",90.25069742499909,2048,False
108,17.0,0,0.08,100,"[5, 11, 12, 8, 9, 11, 5, 15, 0, 16, 1, 12, 7, 13, 6, 18, 5, 18, 11, 10]",0.05265060199963045,2048,False
109,11.0,2,0.08,100,"[13.0, 19.0, 9.0, 0.0, 12.0, 0.0, 8.0, 17.0, 19.0, 17.0, 11.0, 14.0, 0.0, 16.0, 6.0, 16.0, 7.0, 1.0, 12.0, 5.0]",0.43665995599803864,2048,False
110,11.0,4,0.08,100,"[13.0, 19.0, 9.0, 0.0, 12.0, 0.0, 8.0, 17.0, 19.0, 17.0, 11.0, 14.0, 0.0, 16.0, 6.0, 16.0, 7.0, 1.0, 12.0, 5.0]",0.8605031689985481,2048,False
111,11.0,8,0.08,100,"[13.0, 19.0, 9.0, 0.0, 12.0, 0.0, 8.0, 17.0, 19.0, 17.0, 11.0, 14.0, 0.0, 16.0, 6.0, 16.0, 7.0, 1.0, 12.0, 5.0]",1.631040006999683,2048,False
112,11.0,16,0.08,100,"[13.0, 19.0, 9.0, 0.0, 12.0, 0.0, 8.0, 17.0, 19.0, 17.0, 11.0, 14.0, 0.0, 16.0, 6.0, 16.0, 7.0, 1.0, 12.0, 5.0]",3.1268733929973678,2048,False
113,11.0,32,0.08,100,"[13.0, 19.0, 9.0, 0.0, 12.0, 0.0, 8.0, 17.0, 19.0, 17.0, 11.0, 14.0, 0.0, 16.0, 6.0, 16.0, 7.0, 1.0, 12.0, 5.0]",6.065570539998589,2048,False
114,11.0,64,0.08,100,"[13.0, 19.0, 9.0, 0.0, 12.0, 0.0, 8.0, 17.0, 19.0, 17.0, 11.0, 14.0, 0.0, 16.0, 6.0, 16.0, 7.0, 1.0, 12.0, 5.0]",11.845047626997257,2048,False
115,11.0,128,0.08,100,"[13.0, 19.0, 9.0, 0.0, 12.0, 0.0, 8.0, 17.0, 19.0, 17.0, 11.0, 14.0, 0.0, 16.0, 6.0, 16.0, 7.0, 1.0, 12.0, 5.0]",23.37610190199848,2048,False
116,11.0,256,0.08,100,"[13.0, 19.0, 9.0, 0.0, 12.0, 0.0, 8.0, 17.0, 19.0, 17.0, 11.0, 14.0, 0.0, 16.0, 6.0, 16.0, 7.0, 1.0, 12.0, 5.0]",46.34414120300062,2048,False
117,11.0,512,0.08,100,"[13.0, 19.0, 9.0, 0.0, 12.0, 0.0, 8.0, 17.0, 19.0, 17.0, 11.0, 14.0, 0.0, 16.0, 6.0, 16.0, 7.0, 1.0, 12.0, 5.0]",90.32915897699786,2048,False
118,11.0,1024,0.08,100,"[13.0, 19.0, 9.0, 0.0, 12.0, 0.0, 8.0, 17.0, 19.0, 17.0, 11.0, 14.0, 0.0, 16.0, 6.0, 16.0, 7.0, 1.0, 12.0, 5.0]",90.32915897699786,2048,False
119,11.0,2048,0.08,100,"[13.0, 19.0, 9.0, 0.0, 12.0, 0.0, 8.0, 17.0, 19.0, 17.0, 11.0, 14.0, 0.0, 16.0, 6.0, 16.0, 7.0, 1.0, 12.0, 5.0]",90.32915897699786,2048,False
120,17.0,0,0.16,100,"[5, 11, 12, 8, 9, 11, 5, 15, 0, 16, 1, 12, 7, 13, 6, 18, 5, 18, 11, 10]",0.05191132099935203,2048,False
121,11.0,2,0.16,100,"[13.0, 19.0, 9.0, 0.0, 12.0, 0.0, 8.0, 17.0, 19.0, 17.0, 11.0, 14.0, 0.0, 16.0, 6.0, 16.0, 7.0, 1.0, 12.0, 5.0]",0.42928066599779413,2048,False
122,10.0,4,0.16,100,"[13.0, 19.0, 9.0, 0.0, 7.0, 0.0, 8.0, 12.0, 19.0, 17.0, 18.0, 14.0, 3.0, 2.0, 6.0, 16.0, 5.0, 1.0, 12.0, 5.0]",0.8549866680004925,2048,False
123,10.0,8,0.16,100,"[13.0, 19.0, 9.0, 0.0, 7.0, 0.0, 8.0, 12.0, 19.0, 17.0, 18.0, 14.0, 3.0, 2.0, 6.0, 16.0, 5.0, 1.0, 12.0, 5.0]",1.6267478749978181,2048,False
124,10.0,16,0.16,100,"[13.0, 19.0, 9.0, 0.0, 7.0, 0.0, 8.0, 12.0, 19.0, 17.0, 18.0, 14.0, 3.0, 2.0, 6.0, 16.0, 5.0, 1.0, 12.0, 5.0]",3.1172147869983746,2048,False
125,10.0,32,0.16,100,"[13.0, 19.0, 9.0, 0.0, 7.0, 0.0, 8.0, 12.0, 19.0, 17.0, 18.0, 14.0, 3.0, 2.0, 6.0, 16.0, 5.0, 1.0, 12.0, 5.0]",6.062079272000119,2048,False
126,10.0,64,0.16,100,"[13.0, 19.0, 9.0, 0.0, 7.0, 0.0, 8.0, 12.0, 19.0, 17.0, 18.0, 14.0, 3.0, 2.0, 6.0, 16.0, 5.0, 1.0, 12.0, 5.0]",11.881862811998872,2048,False
127,9.0,128,0.16,100,"[13.0, 19.0, 9.0, 0.0, 12.0, 0.0, 8.0, 12.0, 19.0, 17.0, 18.0, 14.0, 0.0, 2.0, 6.0, 16.0, 7.0, 1.0, 12.0, 5.0]",23.499849638999876,2048,False
128,9.0,256,0.16,100,"[13.0, 19.0, 9.0, 0.0, 12.0, 0.0, 8.0, 12.0, 19.0, 17.0, 18.0, 14.0, 0.0, 2.0, 6.0, 16.0, 7.0, 1.0, 12.0, 5.0]",46.559318936000636,2048,False
129,9.0,512,0.16,100,"[13.0, 19.0, 9.0, 0.0, 12.0, 0.0, 8.0, 12.0, 19.0, 17.0, 18.0, 14.0, 0.0, 2.0, 6.0, 16.0, 7.0, 1.0, 12.0, 5.0]",92.60883534900131,2048,False
130,9.0,1024,0.16,100,"[13.0, 19.0, 9.0, 0.0, 12.0, 0.0, 8.0, 12.0, 19.0, 17.0, 18.0, 14.0, 0.0, 2.0, 6.0, 16.0, 7.0, 1.0, 12.0, 5.0]",106.13991483000063,2048,False
131,9.0,2048,0.16,100,"[13.0, 19.0, 9.0, 0.0, 12.0, 0.0, 8.0, 12.0, 19.0, 17.0, 18.0, 14.0, 0.0, 2.0, 6.0, 16.0, 7.0, 1.0, 12.0, 5.0]",106.13991483000063,2048,False
132,17.0,0,0.32,100,"[5, 11, 12, 8, 9, 11, 5, 15, 0, 16, 1, 12, 7, 13, 6, 18, 5, 18, 11, 10]",0.05239536900262465,2048,False
133,10.0,2,0.32,100,"[18.0, 6.0, 17.0, 3.0, 14.0, 11.0, 11.0, 2.0, 9.0, 1.0, 19.0, 1.0, 10.0, 15.0, 17.0, 0.0, 15.0, 8.0, 14.0, 4.0]",0.44260713800031226,2048,False
134,9.0,4,0.32,100,"[9.0, 4.0, 8.0, 16.0, 10.0, 0.0, 7.0, 12.0, 15.0, 2.0, 12.0, 9.0, 11.0, 5.0, 1.0, 18.0, 16.0, 14.0, 3.0, 6.0]",0.8785573520035541,2048,False
135,9.0,8,0.32,100,"[9.0, 4.0, 8.0, 16.0, 10.0, 0.0, 7.0, 12.0, 15.0, 2.0, 12.0, 9.0, 11.0, 5.0, 1.0, 18.0, 16.0, 14.0, 3.0, 6.0]",1.6770839640012127,2048,False
136,9.0,16,0.32,100,"[9.0, 4.0, 8.0, 16.0, 10.0, 0.0, 7.0, 12.0, 15.0, 2.0, 12.0, 9.0, 11.0, 5.0, 1.0, 18.0, 16.0, 14.0, 3.0, 6.0]",3.1985964620034792,2048,False
137,9.0,32,0.32,100,"[9.0, 4.0, 8.0, 16.0, 10.0, 0.0, 7.0, 12.0, 15.0, 2.0, 12.0, 9.0, 11.0, 5.0, 1.0, 18.0, 16.0, 14.0, 3.0, 6.0]",6.166168703002768,2048,False
138,9.0,64,0.32,100,"[9.0, 4.0, 8.0, 16.0, 10.0, 0.0, 7.0, 12.0, 15.0, 2.0, 12.0, 9.0, 11.0, 5.0, 1.0, 18.0, 16.0, 14.0, 3.0, 6.0]",12.072952840000653,2048,False
139,9.0,128,0.32,100,"[9.0, 4.0, 8.0, 16.0, 10.0, 0.0, 7.0, 12.0, 15.0, 2.0, 12.0, 9.0, 11.0, 5.0, 1.0, 18.0, 16.0, 14.0, 3.0, 6.0]",23.863454742000613,2048,False
140,9.0,256,0.32,100,"[9.0, 4.0, 8.0, 16.0, 10.0, 0.0, 7.0, 12.0, 15.0, 2.0, 12.0, 9.0, 11.0, 5.0, 1.0, 18.0, 16.0, 14.0, 3.0, 6.0]",46.95610470500105,2048,False
141,9.0,512,0.32,100,"[9.0, 4.0, 8.0, 16.0, 10.0, 0.0, 7.0, 12.0, 15.0, 2.0, 12.0, 9.0, 11.0, 5.0, 1.0, 18.0, 16.0, 14.0, 3.0, 6.0]",91.26036259800094,2048,False
142,9.0,1024,0.32,100,"[9.0, 4.0, 8.0, 16.0, 10.0, 0.0, 7.0, 12.0, 15.0, 2.0, 12.0, 9.0, 11.0, 5.0, 1.0, 18.0, 16.0, 14.0, 3.0, 6.0]",91.26036259800094,2048,False
143,9.0,2048,0.32,100,"[9.0, 4.0, 8.0, 16.0, 10.0, 0.0, 7.0, 12.0, 15.0, 2.0, 12.0, 9.0, 11.0, 5.0, 1.0, 18.0, 16.0, 14.0, 3.0, 6.0]",91.26036259800094,2048,False
144,17.0,0,0.01,150,"[5, 11, 12, 8, 9, 11, 5, 15, 0, 16, 1, 12, 7, 13, 6, 18, 5, 18, 11, 10]",0.07664122999995016,2048,False
145,13.0,2,0.01,150,"[5.0, 16.0, 0.0, 11.0, 12.0, 11.0, 3.0, 12.0, 15.0, 19.0, 13.0, 1.0, 4.0, 7.0, 3.0, 2.0, 2.0, 10.0, 14.0, 18.0]",0.4820331989976694,2048,False
146,13.0,4,0.01,150,"[5.0, 16.0, 0.0, 11.0, 12.0, 11.0, 3.0, 12.0, 15.0, 19.0, 13.0, 1.0, 4.0, 7.0, 3.0, 2.0, 2.0, 10.0, 14.0, 18.0]",0.9535373989965592,2048,False
147,13.0,8,0.01,150,"[5.0, 16.0, 0.0, 11.0, 12.0, 11.0, 3.0, 12.0, 15.0, 19.0, 13.0, 1.0, 4.0, 7.0, 3.0, 2.0, 2.0, 10.0, 14.0, 18.0]",1.8347922279972408,2048,False
148,13.0,16,0.01,150,"[5.0, 16.0, 0.0, 11.0, 12.0, 11.0, 3.0, 12.0, 15.0, 19.0, 13.0, 1.0, 4.0, 7.0, 3.0, 2.0, 2.0, 10.0, 14.0, 18.0]",3.5371116249989427,2048,False
149,13.0,32,0.01,150,"[5.0, 16.0, 0.0, 11.0, 12.0, 11.0, 3.0, 12.0, 15.0, 19.0, 13.0, 1.0, 4.0, 7.0, 3.0, 2.0, 2.0, 10.0, 14.0, 18.0]",6.872608902998763,2048,False
150,13.0,64,0.01,150,"[5.0, 16.0, 0.0, 11.0, 12.0, 11.0, 3.0, 12.0, 15.0, 19.0, 13.0, 1.0, 4.0, 7.0, 3.0, 2.0, 2.0, 10.0, 14.0, 18.0]",13.507448562999343,2048,False
151,13.0,128,0.01,150,"[5.0, 16.0, 0.0, 11.0, 12.0, 11.0, 3.0, 12.0, 15.0, 19.0, 13.0, 1.0, 4.0, 7.0, 3.0, 2.0, 2.0, 10.0, 14.0, 18.0]",26.75176078199729,2048,False
152,13.0,256,0.01,150,"[5.0, 16.0, 0.0, 11.0, 12.0, 11.0, 3.0, 12.0, 15.0, 19.0, 13.0, 1.0, 4.0, 7.0, 3.0, 2.0, 2.0, 10.0, 14.0, 18.0]",53.01644695899813,2048,False
153,13.0,512,0.01,150,"[5.0, 16.0, 0.0, 11.0, 12.0, 11.0, 3.0, 12.0, 15.0, 19.0, 13.0, 1.0, 4.0, 7.0, 3.0, 2.0, 2.0, 10.0, 14.0, 18.0]",103.42198767199807,2048,False
154,13.0,1024,0.01,150,"[5.0, 16.0, 0.0, 11.0, 12.0, 11.0, 3.0, 12.0, 15.0, 19.0, 13.0, 1.0, 4.0, 7.0, 3.0, 2.0, 2.0, 10.0, 14.0, 18.0]",103.42198767199807,2048,False
155,13.0,2048,0.01,150,"[5.0, 16.0, 0.0, 11.0, 12.0, 11.0, 3.0, 12.0, 15.0, 19.0, 13.0, 1.0, 4.0, 7.0, 3.0, 2.0, 2.0, 10.0, 14.0, 18.0]",103.42198767199807,2048,False
156,17.0,0,0.02,150,"[5, 11, 12, 8, 9, 11, 5, 15, 0, 16, 1, 12, 7, 13, 6, 18, 5, 18, 11, 10]",0.07851386300171725,2048,False
157,13.0,2,0.02,150,"[5.0, 16.0, 0.0, 11.0, 12.0, 11.0, 3.0, 12.0, 15.0, 19.0, 13.0, 1.0, 4.0, 7.0, 3.0, 2.0, 2.0, 10.0, 14.0, 18.0]",0.4872343520000868,2048,False
158,13.0,4,0.02,150,"[5.0, 16.0, 0.0, 11.0, 12.0, 11.0, 3.0, 12.0, 15.0, 19.0, 13.0, 1.0, 4.0, 7.0, 3.0, 2.0, 2.0, 10.0, 14.0, 18.0]",0.9676466179989802,2048,False
159,13.0,8,0.02,150,"[5.0, 16.0, 0.0, 11.0, 12.0, 11.0, 3.0, 12.0, 15.0, 19.0, 13.0, 1.0, 4.0, 7.0, 3.0, 2.0, 2.0, 10.0, 14.0, 18.0]",1.860020127001917,2048,False
160,13.0,16,0.02,150,"[5.0, 16.0, 0.0, 11.0, 12.0, 11.0, 3.0, 12.0, 15.0, 19.0, 13.0, 1.0, 4.0, 7.0, 3.0, 2.0, 2.0, 10.0, 14.0, 18.0]",3.5693727700017917,2048,False
161,13.0,32,0.02,150,"[5.0, 16.0, 0.0, 11.0, 12.0, 11.0, 3.0, 12.0, 15.0, 19.0, 13.0, 1.0, 4.0, 7.0, 3.0, 2.0, 2.0, 10.0, 14.0, 18.0]",6.921981986000901,2048,False
162,13.0,64,0.02,150,"[5.0, 16.0, 0.0, 11.0, 12.0, 11.0, 3.0, 12.0, 15.0, 19.0, 13.0, 1.0, 4.0, 7.0, 3.0, 2.0, 2.0, 10.0, 14.0, 18.0]",13.557170159001544,2048,False
163,13.0,128,0.02,150,"[5.0, 16.0, 0.0, 11.0, 12.0, 11.0, 3.0, 12.0, 15.0, 19.0, 13.0, 1.0, 4.0, 7.0, 3.0, 2.0, 2.0, 10.0, 14.0, 18.0]",26.77394279800137,2048,False
164,13.0,256,0.02,150,"[5.0, 16.0, 0.0, 11.0, 12.0, 11.0, 3.0, 12.0, 15.0, 19.0, 13.0, 1.0, 4.0, 7.0, 3.0, 2.0, 2.0, 10.0, 14.0, 18.0]",53.15459841399934,2048,False
165,13.0,512,0.02,150,"[5.0, 16.0, 0.0, 11.0, 12.0, 11.0, 3.0, 12.0, 15.0, 19.0, 13.0, 1.0, 4.0, 7.0, 3.0, 2.0, 2.0, 10.0, 14.0, 18.0]",103.41993455600095,2048,False
166,13.0,1024,0.02,150,"[5.0, 16.0, 0.0, 11.0, 12.0, 11.0, 3.0, 12.0, 15.0, 19.0, 13.0, 1.0, 4.0, 7.0, 3.0, 2.0, 2.0, 10.0, 14.0, 18.0]",103.41993455600095,2048,False
167,13.0,2048,0.02,150,"[5.0, 16.0, 0.0, 11.0, 12.0, 11.0, 3.0, 12.0, 15.0, 19.0, 13.0, 1.0, 4.0, 7.0, 3.0, 2.0, 2.0, 10.0, 14.0, 18.0]",103.41993455600095,2048,False
168,17.0,0,0.04,150,"[5, 11, 12, 8, 9, 11, 5, 15, 0, 16, 1, 12, 7, 13, 6, 18, 5, 18, 11, 10]",0.07567593500061776,2048,False
169,12.0,2,0.04,150,"[13.0, 17.0, 9.0, 0.0, 8.0, 10.0, 16.0, 17.0, 19.0, 4.0, 18.0, 14.0, 12.0, 18.0, 3.0, 6.0, 0.0, 14.0, 10.0, 7.0]",0.4910335880013008,2048,False
170,12.0,4,0.04,150,"[13.0, 17.0, 9.0, 0.0, 8.0, 10.0, 16.0, 17.0, 19.0, 4.0, 18.0, 14.0, 12.0, 18.0, 3.0, 6.0, 0.0, 14.0, 10.0, 7.0]",0.968309024003247,2048,False
171,12.0,8,0.04,150,"[13.0, 17.0, 9.0, 0.0, 8.0, 10.0, 16.0, 17.0, 19.0, 4.0, 18.0, 14.0, 12.0, 18.0, 3.0, 6.0, 0.0, 14.0, 10.0, 7.0]",1.854606203000003,2048,False
172,12.0,16,0.04,150,"[13.0, 17.0, 9.0, 0.0, 8.0, 10.0, 16.0, 17.0, 19.0, 4.0, 18.0, 14.0, 12.0, 18.0, 3.0, 6.0, 0.0, 14.0, 10.0, 7.0]",3.5603019580012187,2048,False
173,12.0,32,0.04,150,"[13.0, 17.0, 9.0, 0.0, 8.0, 10.0, 16.0, 17.0, 19.0, 4.0, 18.0, 14.0, 12.0, 18.0, 3.0, 6.0, 0.0, 14.0, 10.0, 7.0]",6.897148993000883,2048,False
174,12.0,64,0.04,150,"[13.0, 17.0, 9.0, 0.0, 8.0, 10.0, 16.0, 17.0, 19.0, 4.0, 18.0, 14.0, 12.0, 18.0, 3.0, 6.0, 0.0, 14.0, 10.0, 7.0]",13.516611139002634,2048,False
175,12.0,128,0.04,150,"[13.0, 17.0, 9.0, 0.0, 8.0, 10.0, 16.0, 17.0, 19.0, 4.0, 18.0, 14.0, 12.0, 18.0, 3.0, 6.0, 0.0, 14.0, 10.0, 7.0]",26.66305349000322,2048,False
176,12.0,256,0.04,150,"[13.0, 17.0, 9.0, 0.0, 8.0, 10.0, 16.0, 17.0, 19.0, 4.0, 18.0, 14.0, 12.0, 18.0, 3.0, 6.0, 0.0, 14.0, 10.0, 7.0]",52.94169276800312,2048,False
177,12.0,512,0.04,150,"[13.0, 17.0, 9.0, 0.0, 8.0, 10.0, 16.0, 17.0, 19.0, 4.0, 18.0, 14.0, 12.0, 18.0, 3.0, 6.0, 0.0, 14.0, 10.0, 7.0]",103.16379674800191,2048,False
178,12.0,1024,0.04,150,"[13.0, 17.0, 9.0, 0.0, 8.0, 10.0, 16.0, 17.0, 19.0, 4.0, 18.0, 14.0, 12.0, 18.0, 3.0, 6.0, 0.0, 14.0, 10.0, 7.0]",103.16379674800191,2048,False
179,12.0,2048,0.04,150,"[13.0, 17.0, 9.0, 0.0, 8.0, 10.0, 16.0, 17.0, 19.0, 4.0, 18.0, 14.0, 12.0, 18.0, 3.0, 6.0, 0.0, 14.0, 10.0, 7.0]",103.16379674800191,2048,False
180,17.0,0,0.08,150,"[5, 11, 12, 8, 9, 11, 5, 15, 0, 16, 1, 12, 7, 13, 6, 18, 5, 18, 11, 10]",0.07760712700110162,2048,False
181,12.0,2,0.08,150,"[13.0, 17.0, 9.0, 0.0, 8.0, 10.0, 16.0, 17.0, 19.0, 4.0, 18.0, 14.0, 12.0, 18.0, 3.0, 6.0, 0.0, 14.0, 10.0, 7.0]",0.4954656869995233,2048,False
182,12.0,4,0.08,150,"[13.0, 17.0, 9.0, 0.0, 8.0, 10.0, 16.0, 17.0, 19.0, 4.0, 18.0, 14.0, 12.0, 18.0, 3.0, 6.0, 0.0, 14.0, 10.0, 7.0]",0.9818150959981722,2048,False
183,12.0,8,0.08,150,"[13.0, 17.0, 9.0, 0.0, 8.0, 10.0, 16.0, 17.0, 19.0, 4.0, 18.0, 14.0, 12.0, 18.0, 3.0, 6.0, 0.0, 14.0, 10.0, 7.0]",1.8777594620005402,2048,False
184,12.0,16,0.08,150,"[13.0, 17.0, 9.0, 0.0, 8.0, 10.0, 16.0, 17.0, 19.0, 4.0, 18.0, 14.0, 12.0, 18.0, 3.0, 6.0, 0.0, 14.0, 10.0, 7.0]",3.60402359499858,2048,False
185,12.0,32,0.08,150,"[13.0, 17.0, 9.0, 0.0, 8.0, 10.0, 16.0, 17.0, 19.0, 4.0, 18.0, 14.0, 12.0, 18.0, 3.0, 6.0, 0.0, 14.0, 10.0, 7.0]",7.001934634001373,2048,False
186,12.0,64,0.08,150,"[13.0, 17.0, 9.0, 0.0, 8.0, 10.0, 16.0, 17.0, 19.0, 4.0, 18.0, 14.0, 12.0, 18.0, 3.0, 6.0, 0.0, 14.0, 10.0, 7.0]",13.66936408499896,2048,False
187,12.0,128,0.08,150,"[13.0, 17.0, 9.0, 0.0, 8.0, 10.0, 16.0, 17.0, 19.0, 4.0, 18.0, 14.0, 12.0, 18.0, 3.0, 6.0, 0.0, 14.0, 10.0, 7.0]",26.85731192499952,2048,False
188,12.0,256,0.08,150,"[13.0, 17.0, 9.0, 0.0, 8.0, 10.0, 16.0, 17.0, 19.0, 4.0, 18.0, 14.0, 12.0, 18.0, 3.0, 6.0, 0.0, 14.0, 10.0, 7.0]",53.227795383998455,2048,False
189,12.0,512,0.08,150,"[13.0, 17.0, 9.0, 0.0, 8.0, 10.0, 16.0, 17.0, 19.0, 4.0, 18.0, 14.0, 12.0, 18.0, 3.0, 6.0, 0.0, 14.0, 10.0, 7.0]",103.49888309100061,2048,False
190,12.0,1024,0.08,150,"[13.0, 17.0, 9.0, 0.0, 8.0, 10.0, 16.0, 17.0, 19.0, 4.0, 18.0, 14.0, 12.0, 18.0, 3.0, 6.0, 0.0, 14.0, 10.0, 7.0]",103.49888309100061,2048,False
191,12.0,2048,0.08,150,"[13.0, 17.0, 9.0, 0.0, 8.0, 10.0, 16.0, 17.0, 19.0, 4.0, 18.0, 14.0, 12.0, 18.0, 3.0, 6.0, 0.0, 14.0, 10.0, 7.0]",103.49888309100061,2048,False
192,17.0,0,0.16,150,"[5, 11, 12, 8, 9, 11, 5, 15, 0, 16, 1, 12, 7, 13, 6, 18, 5, 18, 11, 10]",0.07763005299784709,2048,False
193,11.0,2,0.16,150,"[1.0, 17.0, 9.0, 5.0, 12.0, 9.0, 0.0, 18.0, 14.0, 3.0, 19.0, 6.0, 19.0, 6.0, 13.0, 16.0, 2.0, 10.0, 14.0, 7.0]",0.5106303859975014,2048,False
194,10.0,4,0.16,150,"[1.0, 16.0, 4.0, 11.0, 12.0, 9.0, 0.0, 18.0, 15.0, 19.0, 12.0, 1.0, 8.0, 6.0, 13.0, 18.0, 2.0, 10.0, 14.0, 7.0]",1.020556002997182,2048,False
195,8.0,8,0.16,150,"[1.0, 16.0, 10.0, 11.0, 6.0, 9.0, 0.0, 18.0, 15.0, 19.0, 12.0, 1.0, 4.0, 6.0, 13.0, 18.0, 2.0, 8.0, 14.0, 7.0]",1.9376194109972857,2048,False
196,8.0,16,0.16,150,"[1.0, 16.0, 10.0, 11.0, 6.0, 9.0, 0.0, 18.0, 15.0, 19.0, 12.0, 1.0, 4.0, 6.0, 13.0, 18.0, 2.0, 8.0, 14.0, 7.0]",3.6705267170000297,2048,False
197,8.0,32,0.16,150,"[1.0, 16.0, 10.0, 11.0, 6.0, 9.0, 0.0, 18.0, 15.0, 19.0, 12.0, 1.0, 4.0, 6.0, 13.0, 18.0, 2.0, 8.0, 14.0, 7.0]",7.028698977999738,2048,False
198,8.0,64,0.16,150,"[1.0, 16.0, 10.0, 11.0, 6.0, 9.0, 0.0, 18.0, 15.0, 19.0, 12.0, 1.0, 4.0, 6.0, 13.0, 18.0, 2.0, 8.0, 14.0, 7.0]",13.683701189998828,2048,False
199,8.0,128,0.16,150,"[1.0, 16.0, 10.0, 11.0, 6.0, 9.0, 0.0, 18.0, 15.0, 19.0, 12.0, 1.0, 4.0, 6.0, 13.0, 18.0, 2.0, 8.0, 14.0, 7.0]",26.91480878499715,2048,False
200,8.0,256,0.16,150,"[1.0, 16.0, 10.0, 11.0, 6.0, 9.0, 0.0, 18.0, 15.0, 19.0, 12.0, 1.0, 4.0, 6.0, 13.0, 18.0, 2.0, 8.0, 14.0, 7.0]",53.26490560799721,2048,False
201,8.0,512,0.16,150,"[1.0, 16.0, 10.0, 11.0, 6.0, 9.0, 0.0, 18.0, 15.0, 19.0, 12.0, 1.0, 4.0, 6.0, 13.0, 18.0, 2.0, 8.0, 14.0, 7.0]",104.30960687100014,2048,False
202,8.0,1024,0.16,150,"[1.0, 16.0, 10.0, 11.0, 6.0, 9.0, 0.0, 18.0, 15.0, 19.0, 12.0, 1.0, 4.0, 6.0, 13.0, 18.0, 2.0, 8.0, 14.0, 7.0]",104.30960687100014,2048,False
203,8.0,2048,0.16,150,"[1.0, 16.0, 10.0, 11.0, 6.0, 9.0, 0.0, 18.0, 15.0, 19.0, 12.0, 1.0, 4.0, 6.0, 13.0, 18.0, 2.0, 8.0, 14.0, 7.0]",104.30960687100014,2048,False
204,17.0,0,0.32,150,"[5, 11, 12, 8, 9, 11, 5, 15, 0, 16, 1, 12, 7, 13, 6, 18, 5, 18, 11, 10]",0.07717197800229769,2048,False
205,11.0,2,0.32,150,"[13.0, 15.0, 19.0, 0.0, 12.0, 17.0, 3.0, 0.0, 10.0, 2.0, 19.0, 9.0, 8.0, 14.0, 18.0, 4.0, 14.0, 0.0, 10.0, 18.0]",0.5178776230022777,2048,False
206,8.0,4,0.32,150,"[4.0, 1.0, 5.0, 0.0, 3.0, 12.0, 0.0, 17.0, 11.0, 7.0, 19.0, 3.0, 14.0, 2.0, 15.0, 8.0, 6.0, 1.0, 3.0, 18.0]",1.0383154320006724,2048,False
207,7.0,8,0.32,150,"[19.0, 14.0, 8.0, 10.0, 0.0, 17.0, 15.0, 7.0, 16.0, 3.0, 13.0, 13.0, 9.0, 4.0, 12.0, 5.0, 17.0, 0.0, 13.0, 6.0]",1.9663311780022923,2048,False
208,7.0,16,0.32,150,"[19.0, 14.0, 8.0, 10.0, 0.0, 17.0, 15.0, 7.0, 16.0, 3.0, 13.0, 13.0, 9.0, 4.0, 12.0, 5.0, 17.0, 0.0, 13.0, 6.0]",3.6939500190019317,2048,False
209,7.0,32,0.32,150,"[19.0, 14.0, 8.0, 10.0, 0.0, 17.0, 15.0, 7.0, 16.0, 3.0, 13.0, 13.0, 9.0, 4.0, 12.0, 5.0, 17.0, 0.0, 13.0, 6.0]",7.059104908003064,2048,False
210,7.0,64,0.32,150,"[19.0, 14.0, 8.0, 10.0, 0.0, 17.0, 15.0, 7.0, 16.0, 3.0, 13.0, 13.0, 9.0, 4.0, 12.0, 5.0, 17.0, 0.0, 13.0, 6.0]",13.711659914002666,2048,False
211,7.0,128,0.32,150,"[19.0, 14.0, 8.0, 10.0, 0.0, 17.0, 15.0, 7.0, 16.0, 3.0, 13.0, 13.0, 9.0, 4.0, 12.0, 5.0, 17.0, 0.0, 13.0, 6.0]",26.962581566000154,2048,False
212,7.0,256,0.32,150,"[19.0, 14.0, 8.0, 10.0, 0.0, 17.0, 15.0, 7.0, 16.0, 3.0, 13.0, 13.0, 9.0, 4.0, 12.0, 5.0, 17.0, 0.0, 13.0, 6.0]",53.23010211100336,2048,False
213,7.0,512,0.32,150,"[19.0, 14.0, 8.0, 10.0, 0.0, 17.0, 15.0, 7.0, 16.0, 3.0, 13.0, 13.0, 9.0, 4.0, 12.0, 5.0, 17.0, 0.0, 13.0, 6.0]",104.42808385000171,2048,False
214,7.0,1024,0.32,150,"[19.0, 14.0, 8.0, 10.0, 0.0, 17.0, 15.0, 7.0, 16.0, 3.0, 13.0, 13.0, 9.0, 4.0, 12.0, 5.0, 17.0, 0.0, 13.0, 6.0]",104.42808385000171,2048,False
215,7.0,2048,0.32,150,"[19.0, 14.0, 8.0, 10.0, 0.0, 17.0, 15.0, 7.0, 16.0, 3.0, 13.0, 13.0, 9.0, 4.0, 12.0, 5.0, 17.0, 0.0, 13.0, 6.0]",104.42808385000171,2048,False
216,17.0,0,0.01,200,"[5, 11, 12, 8, 9, 11, 5, 15, 0, 16, 1, 12, 7, 13, 6, 18, 5, 18, 11, 10]",0.10636976699970546,2048,False
217,13.0,2,0.01,200,"[5.0, 16.0, 0.0, 11.0, 12.0, 11.0, 3.0, 12.0, 15.0, 19.0, 13.0, 1.0, 4.0, 7.0, 3.0, 2.0, 2.0, 10.0, 14.0, 18.0]",0.5663902289998077,2048,False
218,13.0,4,0.01,200,"[5.0, 16.0, 0.0, 11.0, 12.0, 11.0, 3.0, 12.0, 15.0, 19.0, 13.0, 1.0, 4.0, 7.0, 3.0, 2.0, 2.0, 10.0, 14.0, 18.0]",1.1135963870001433,2048,False
219,13.0,8,0.01,200,"[5.0, 16.0, 0.0, 11.0, 12.0, 11.0, 3.0, 12.0, 15.0, 19.0, 13.0, 1.0, 4.0, 7.0, 3.0, 2.0, 2.0, 10.0, 14.0, 18.0]",2.13852771099846,2048,False
220,13.0,16,0.01,200,"[5.0, 16.0, 0.0, 11.0, 12.0, 11.0, 3.0, 12.0, 15.0, 19.0, 13.0, 1.0, 4.0, 7.0, 3.0, 2.0, 2.0, 10.0, 14.0, 18.0]",4.077742084999045,2048,False
221,13.0,32,0.01,200,"[5.0, 16.0, 0.0, 11.0, 12.0, 11.0, 3.0, 12.0, 15.0, 19.0, 13.0, 1.0, 4.0, 7.0, 3.0, 2.0, 2.0, 10.0, 14.0, 18.0]",7.839498329001799,2048,False
222,13.0,64,0.01,200,"[5.0, 16.0, 0.0, 11.0, 12.0, 11.0, 3.0, 12.0, 15.0, 19.0, 13.0, 1.0, 4.0, 7.0, 3.0, 2.0, 2.0, 10.0, 14.0, 18.0]",15.248305711000285,2048,False
223,13.0,128,0.01,200,"[5.0, 16.0, 0.0, 11.0, 12.0, 11.0, 3.0, 12.0, 15.0, 19.0, 13.0, 1.0, 4.0, 7.0, 3.0, 2.0, 2.0, 10.0, 14.0, 18.0]",30.015353102000518,2048,False
224,13.0,256,0.01,200,"[5.0, 16.0, 0.0, 11.0, 12.0, 11.0, 3.0, 12.0, 15.0, 19.0, 13.0, 1.0, 4.0, 7.0, 3.0, 2.0, 2.0, 10.0, 14.0, 18.0]",59.41553633299918,2048,False
225,13.0,512,0.01,200,"[5.0, 16.0, 0.0, 11.0, 12.0, 11.0, 3.0, 12.0, 15.0, 19.0, 13.0, 1.0, 4.0, 7.0, 3.0, 2.0, 2.0, 10.0, 14.0, 18.0]",115.6516971609999,2048,False
226,13.0,1024,0.01,200,"[5.0, 16.0, 0.0, 11.0, 12.0, 11.0, 3.0, 12.0, 15.0, 19.0, 13.0, 1.0, 4.0, 7.0, 3.0, 2.0, 2.0, 10.0, 14.0, 18.0]",115.6516971609999,2048,False
227,13.0,2048,0.01,200,"[5.0, 16.0, 0.0, 11.0, 12.0, 11.0, 3.0, 12.0, 15.0, 19.0, 13.0, 1.0, 4.0, 7.0, 3.0, 2.0, 2.0, 10.0, 14.0, 18.0]",115.6516971609999,2048,False
228,17.0,0,0.02,200,"[5, 11, 12, 8, 9, 11, 5, 15, 0, 16, 1, 12, 7, 13, 6, 18, 5, 18, 11, 10]",0.10128978799912147,2048,False
229,13.0,2,0.02,200,"[5.0, 16.0, 0.0, 11.0, 12.0, 11.0, 3.0, 12.0, 15.0, 19.0, 13.0, 1.0, 4.0, 7.0, 3.0, 2.0, 2.0, 10.0, 14.0, 18.0]",0.5577532509996672,2048,False
230,13.0,4,0.02,200,"[5.0, 16.0, 0.0, 11.0, 12.0, 11.0, 3.0, 12.0, 15.0, 19.0, 13.0, 1.0, 4.0, 7.0, 3.0, 2.0, 2.0, 10.0, 14.0, 18.0]",1.1119027539971285,2048,False
231,13.0,8,0.02,200,"[5.0, 16.0, 0.0, 11.0, 12.0, 11.0, 3.0, 12.0, 15.0, 19.0, 13.0, 1.0, 4.0, 7.0, 3.0, 2.0, 2.0, 10.0, 14.0, 18.0]",2.1186313750004047,2048,False
232,13.0,16,0.02,200,"[5.0, 16.0, 0.0, 11.0, 12.0, 11.0, 3.0, 12.0, 15.0, 19.0, 13.0, 1.0, 4.0, 7.0, 3.0, 2.0, 2.0, 10.0, 14.0, 18.0]",4.049393222998333,2048,False
233,13.0,32,0.02,200,"[5.0, 16.0, 0.0, 11.0, 12.0, 11.0, 3.0, 12.0, 15.0, 19.0, 13.0, 1.0, 4.0, 7.0, 3.0, 2.0, 2.0, 10.0, 14.0, 18.0]",7.8136452279977675,2048,False
234,13.0,64,0.02,200,"[5.0, 16.0, 0.0, 11.0, 12.0, 11.0, 3.0, 12.0, 15.0, 19.0, 13.0, 1.0, 4.0, 7.0, 3.0, 2.0, 2.0, 10.0, 14.0, 18.0]",15.309560386998783,2048,False
235,13.0,128,0.02,200,"[5.0, 16.0, 0.0, 11.0, 12.0, 11.0, 3.0, 12.0, 15.0, 19.0, 13.0, 1.0, 4.0, 7.0, 3.0, 2.0, 2.0, 10.0, 14.0, 18.0]",30.090692065998155,2048,False
236,13.0,256,0.02,200,"[5.0, 16.0, 0.0, 11.0, 12.0, 11.0, 3.0, 12.0, 15.0, 19.0, 13.0, 1.0, 4.0, 7.0, 3.0, 2.0, 2.0, 10.0, 14.0, 18.0]",59.575908007998805,2048,False
237,13.0,512,0.02,200,"[5.0, 16.0, 0.0, 11.0, 12.0, 11.0, 3.0, 12.0, 15.0, 19.0, 13.0, 1.0, 4.0, 7.0, 3.0, 2.0, 2.0, 10.0, 14.0, 18.0]",115.74917998299861,2048,False
238,13.0,1024,0.02,200,"[5.0, 16.0, 0.0, 11.0, 12.0, 11.0, 3.0, 12.0, 15.0, 19.0, 13.0, 1.0, 4.0, 7.0, 3.0, 2.0, 2.0, 10.0, 14.0, 18.0]",115.74917998299861,2048,False
239,13.0,2048,0.02,200,"[5.0, 16.0, 0.0, 11.0, 12.0, 11.0, 3.0, 12.0, 15.0, 19.0, 13.0, 1.0, 4.0, 7.0, 3.0, 2.0, 2.0, 10.0, 14.0, 18.0]",115.74917998299861,2048,False
240,17.0,0,0.04,200,"[5, 11, 12, 8, 9, 11, 5, 15, 0, 16, 1, 12, 7, 13, 6, 18, 5, 18, 11, 10]",0.10226702799991472,2048,False
241,8.0,2,0.04,200,"[13.0, 16.0, 5.0, 11.0, 16.0, 10.0, 3.0, 12.0, 15.0, 19.0, 19.0, 1.0, 4.0, 9.0, 11.0, 2.0, 0.0, 17.0, 14.0, 18.0]",0.5709751029971812,2048,False
242,8.0,4,0.04,200,"[13.0, 16.0, 5.0, 11.0, 16.0, 10.0, 3.0, 12.0, 15.0, 19.0, 19.0, 1.0, 4.0, 9.0, 11.0, 2.0, 0.0, 17.0, 14.0, 18.0]",1.1259219979983754,2048,False
243,8.0,8,0.04,200,"[13.0, 16.0, 5.0, 11.0, 16.0, 10.0, 3.0, 12.0, 15.0, 19.0, 19.0, 1.0, 4.0, 9.0, 11.0, 2.0, 0.0, 17.0, 14.0, 18.0]",2.1407079089985928,2048,False
244,8.0,16,0.04,200,"[13.0, 16.0, 5.0, 11.0, 16.0, 10.0, 3.0, 12.0, 15.0, 19.0, 19.0, 1.0, 4.0, 9.0, 11.0, 2.0, 0.0, 17.0, 14.0, 18.0]",4.078541888997279,2048,False
245,8.0,32,0.04,200,"[13.0, 16.0, 5.0, 11.0, 16.0, 10.0, 3.0, 12.0, 15.0, 19.0, 19.0, 1.0, 4.0, 9.0, 11.0, 2.0, 0.0, 17.0, 14.0, 18.0]",7.857532024998363,2048,False
246,8.0,64,0.04,200,"[13.0, 16.0, 5.0, 11.0, 16.0, 10.0, 3.0, 12.0, 15.0, 19.0, 19.0, 1.0, 4.0, 9.0, 11.0, 2.0, 0.0, 17.0, 14.0, 18.0]",15.306629149999935,2048,False
247,8.0,128,0.04,200,"[13.0, 16.0, 5.0, 11.0, 16.0, 10.0, 3.0, 12.0, 15.0, 19.0, 19.0, 1.0, 4.0, 9.0, 11.0, 2.0, 0.0, 17.0, 14.0, 18.0]",30.159754174997943,2048,False
248,8.0,256,0.04,200,"[13.0, 16.0, 5.0, 11.0, 16.0, 10.0, 3.0, 12.0, 15.0, 19.0, 19.0, 1.0, 4.0, 9.0, 11.0, 2.0, 0.0, 17.0, 14.0, 18.0]",59.72541778899904,2048,False
249,8.0,512,0.04,200,"[13.0, 16.0, 5.0, 11.0, 16.0, 10.0, 3.0, 12.0, 15.0, 19.0, 19.0, 1.0, 4.0, 9.0, 11.0, 2.0, 0.0, 17.0, 14.0, 18.0]",116.2192937769978,2048,False
250,8.0,1024,0.04,200,"[13.0, 16.0, 5.0, 11.0, 16.0, 10.0, 3.0, 12.0, 15.0, 19.0, 19.0, 1.0, 4.0, 9.0, 11.0, 2.0, 0.0, 17.0, 14.0, 18.0]",116.2192937769978,2048,False
251,8.0,2048,0.04,200,"[13.0, 16.0, 5.0, 11.0, 16.0, 10.0, 3.0, 12.0, 15.0, 19.0, 19.0, 1.0, 4.0, 9.0, 11.0, 2.0, 0.0, 17.0, 14.0, 18.0]",116.2192937769978,2048,False
252,17.0,0,0.08,200,"[5, 11, 12, 8, 9, 11, 5, 15, 0, 16, 1, 12, 7, 13, 6, 18, 5, 18, 11, 10]",0.09956159700232092,2048,False
253,7.0,2,0.08,200,"[13.0, 16.0, 0.0, 11.0, 16.0, 10.0, 3.0, 12.0, 15.0, 19.0, 19.0, 1.0, 4.0, 7.0, 3.0, 8.0, 2.0, 17.0, 14.0, 18.0]",0.576579104999837,2048,False
254,7.0,4,0.08,200,"[13.0, 16.0, 0.0, 11.0, 16.0, 10.0, 3.0, 12.0, 15.0, 19.0, 19.0, 1.0, 4.0, 7.0, 3.0, 8.0, 2.0, 17.0, 14.0, 18.0]",1.1385656540005584,2048,False
255,7.0,8,0.08,200,"[13.0, 16.0, 0.0, 11.0, 16.0, 10.0, 3.0, 12.0, 15.0, 19.0, 19.0, 1.0, 4.0, 7.0, 3.0, 8.0, 2.0, 17.0, 14.0, 18.0]",2.1554675930019584,2048,False
256,7.0,16,0.08,200,"[13.0, 16.0, 0.0, 11.0, 16.0, 10.0, 3.0, 12.0, 15.0, 19.0, 19.0, 1.0, 4.0, 7.0, 3.0, 8.0, 2.0, 17.0, 14.0, 18.0]",4.0932247349992394,2048,False
257,7.0,32,0.08,200,"[13.0, 16.0, 0.0, 11.0, 16.0, 10.0, 3.0, 12.0, 15.0, 19.0, 19.0, 1.0, 4.0, 7.0, 3.0, 8.0, 2.0, 17.0, 14.0, 18.0]",7.875225095001952,2048,False
258,7.0,64,0.08,200,"[13.0, 16.0, 0.0, 11.0, 16.0, 10.0, 3.0, 12.0, 15.0, 19.0, 19.0, 1.0, 4.0, 7.0, 3.0, 8.0, 2.0, 17.0, 14.0, 18.0]",15.325752717999421,2048,False
259,7.0,128,0.08,200,"[13.0, 16.0, 0.0, 11.0, 16.0, 10.0, 3.0, 12.0, 15.0, 19.0, 19.0, 1.0, 4.0, 7.0, 3.0, 8.0, 2.0, 17.0, 14.0, 18.0]",30.086412770000607,2048,False
260,7.0,256,0.08,200,"[13.0, 16.0, 0.0, 11.0, 16.0, 10.0, 3.0, 12.0, 15.0, 19.0, 19.0, 1.0, 4.0, 7.0, 3.0, 8.0, 2.0, 17.0, 14.0, 18.0]",59.52406368400261,2048,False
261,7.0,512,0.08,200,"[13.0, 16.0, 0.0, 11.0, 16.0, 10.0, 3.0, 12.0, 15.0, 19.0, 19.0, 1.0, 4.0, 7.0, 3.0, 8.0, 2.0, 17.0, 14.0, 18.0]",115.92118100500011,2048,False
262,7.0,1024,0.08,200,"[13.0, 16.0, 0.0, 11.0, 16.0, 10.0, 3.0, 12.0, 15.0, 19.0, 19.0, 1.0, 4.0, 7.0, 3.0, 8.0, 2.0, 17.0, 14.0, 18.0]",115.92118100500011,2048,False
263,7.0,2048,0.08,200,"[13.0, 16.0, 0.0, 11.0, 16.0, 10.0, 3.0, 12.0, 15.0, 19.0, 19.0, 1.0, 4.0, 7.0, 3.0, 8.0, 2.0, 17.0, 14.0, 18.0]",115.92118100500011,2048,False
264,17.0,0,0.16,200,"[5, 11, 12, 8, 9, 11, 5, 15, 0, 16, 1, 12, 7, 13, 6, 18, 5, 18, 11, 10]",0.10137852200205089,2048,False
265,9.0,2,0.16,200,"[8.0, 8.0, 12.0, 8.0, 19.0, 0.0, 5.0, 19.0, 4.0, 9.0, 3.0, 13.0, 16.0, 7.0, 17.0, 6.0, 13.0, 10.0, 6.0, 3.0]",0.5885693080017518,2048,False
266,8.0,4,0.16,200,"[10.0, 14.0, 18.0, 8.0, 12.0, 14.0, 5.0, 19.0, 4.0, 9.0, 17.0, 3.0, 16.0, 0.0, 17.0, 6.0, 6.0, 11.0, 6.0, 3.0]",1.1754042460015626,2048,False
267,8.0,8,0.16,200,"[10.0, 14.0, 18.0, 8.0, 12.0, 14.0, 5.0, 19.0, 4.0, 9.0, 17.0, 3.0, 16.0, 0.0, 17.0, 6.0, 6.0, 11.0, 6.0, 3.0]",2.213809092001611,2048,False
268,8.0,16,0.16,200,"[10.0, 14.0, 18.0, 8.0, 12.0, 14.0, 5.0, 19.0, 4.0, 9.0, 17.0, 3.0, 16.0, 0.0, 17.0, 6.0, 6.0, 11.0, 6.0, 3.0]",4.196405340000638,2048,False
269,8.0,32,0.16,200,"[10.0, 14.0, 18.0, 8.0, 12.0, 14.0, 5.0, 19.0, 4.0, 9.0, 17.0, 3.0, 16.0, 0.0, 17.0, 6.0, 6.0, 11.0, 6.0, 3.0]",8.090338542002428,2048,False
270,8.0,64,0.16,200,"[10.0, 14.0, 18.0, 8.0, 12.0, 14.0, 5.0, 19.0, 4.0, 9.0, 17.0, 3.0, 16.0, 0.0, 17.0, 6.0, 6.0, 11.0, 6.0, 3.0]",15.615676850000455,2048,False
271,8.0,128,0.16,200,"[10.0, 14.0, 18.0, 8.0, 12.0, 14.0, 5.0, 19.0, 4.0, 9.0, 17.0, 3.0, 16.0, 0.0, 17.0, 6.0, 6.0, 11.0, 6.0, 3.0]",30.41224854000029,2048,False
272,8.0,256,0.16,200,"[10.0, 14.0, 18.0, 8.0, 12.0, 14.0, 5.0, 19.0, 4.0, 9.0, 17.0, 3.0, 16.0, 0.0, 17.0, 6.0, 6.0, 11.0, 6.0, 3.0]",59.89471473500089,2048,False
273,8.0,512,0.16,200,"[10.0, 14.0, 18.0, 8.0, 12.0, 14.0, 5.0, 19.0, 4.0, 9.0, 17.0, 3.0, 16.0, 0.0, 17.0, 6.0, 6.0, 11.0, 6.0, 3.0]",116.82257469800243,2048,False
274,8.0,1024,0.16,200,"[10.0, 14.0, 18.0, 8.0, 12.0, 14.0, 5.0, 19.0, 4.0, 9.0, 17.0, 3.0, 16.0, 0.0, 17.0, 6.0, 6.0, 11.0, 6.0, 3.0]",116.82257469800243,2048,False
275,8.0,2048,0.16,200,"[10.0, 14.0, 18.0, 8.0, 12.0, 14.0, 5.0, 19.0, 4.0, 9.0, 17.0, 3.0, 16.0, 0.0, 17.0, 6.0, 6.0, 11.0, 6.0, 3.0]",116.82257469800243,2048,False
276,17.0,0,0.32,200,"[5, 11, 12, 8, 9, 11, 5, 15, 0, 16, 1, 12, 7, 13, 6, 18, 5, 18, 11, 10]",0.10018456400212017,2048,False
277,10.0,2,0.32,200,"[5.0, 0.0, 14.0, 18.0, 4.0, 11.0, 3.0, 10.0, 17.0, 19.0, 7.0, 3.0, 10.0, 5.0, 1.0, 16.0, 10.0, 7.0, 9.0, 8.0]",0.5947106679996068,2048,False
278,9.0,4,0.32,200,"[6.0, 18.0, 17.0, 17.0, 1.0, 10.0, 3.0, 5.0, 6.0, 2.0, 19.0, 11.0, 14.0, 8.0, 10.0, 0.0, 15.0, 17.0, 12.0, 9.0]",1.2000344859989127,2048,False
279,8.0,8,0.32,200,"[8.0, 0.0, 9.0, 19.0, 15.0, 0.0, 10.0, 12.0, 5.0, 9.0, 13.0, 6.0, 18.0, 15.0, 1.0, 16.0, 2.0, 10.0, 7.0, 15.0]",2.2719075410022924,2048,False
280,8.0,16,0.32,200,"[8.0, 0.0, 9.0, 19.0, 15.0, 0.0, 10.0, 12.0, 5.0, 9.0, 13.0, 6.0, 18.0, 15.0, 1.0, 16.0, 2.0, 10.0, 7.0, 15.0]",4.27706547300113,2048,False
281,8.0,32,0.32,200,"[8.0, 0.0, 9.0, 19.0, 15.0, 0.0, 10.0, 12.0, 5.0, 9.0, 13.0, 6.0, 18.0, 15.0, 1.0, 16.0, 2.0, 10.0, 7.0, 15.0]",8.179038231999584,2048,False
282,8.0,64,0.32,200,"[8.0, 0.0, 9.0, 19.0, 15.0, 0.0, 10.0, 12.0, 5.0, 9.0, 13.0, 6.0, 18.0, 15.0, 1.0, 16.0, 2.0, 10.0, 7.0, 15.0]",15.785922695002228,2048,False
283,8.0,128,0.32,200,"[8.0, 0.0, 9.0, 19.0, 15.0, 0.0, 10.0, 12.0, 5.0, 9.0, 13.0, 6.0, 18.0, 15.0, 1.0, 16.0, 2.0, 10.0, 7.0, 15.0]",30.77530687900071,2048,False
284,8.0,256,0.32,200,"[8.0, 0.0, 9.0, 19.0, 15.0, 0.0, 10.0, 12.0, 5.0, 9.0, 13.0, 6.0, 18.0, 15.0, 1.0, 16.0, 2.0, 10.0, 7.0, 15.0]",60.25475304300198,2048,False
285,8.0,512,0.32,200,"[8.0, 0.0, 9.0, 19.0, 15.0, 0.0, 10.0, 12.0, 5.0, 9.0, 13.0, 6.0, 18.0, 15.0, 1.0, 16.0, 2.0, 10.0, 7.0, 15.0]",117.5093165060025,2048,False
286,8.0,1024,0.32,200,"[8.0, 0.0, 9.0, 19.0, 15.0, 0.0, 10.0, 12.0, 5.0, 9.0, 13.0, 6.0, 18.0, 15.0, 1.0, 16.0, 2.0, 10.0, 7.0, 15.0]",117.5093165060025,2048,False
287,8.0,2048,0.32,200,"[8.0, 0.0, 9.0, 19.0, 15.0, 0.0, 10.0, 12.0, 5.0, 9.0, 13.0, 6.0, 18.0, 15.0, 1.0, 16.0, 2.0, 10.0, 7.0, 15.0]",117.5093165060025,2048,False
